id,issue_category,severity,details
biz_gplaces_1789196762990_4ibr8,DUPLICATE_DESCRIPTION,HIGH,"Identical description shared with 1 other listings"
biz_gplaces_1789196763147_bwse4,DUPLICATE_DESCRIPTION,HIGH,"Identical description shared with 1 other listings"
biz_gplaces_1789196377998_gh7yb,EMOJI_SPAM,LOW,"Contains emoji symbols in name or description"
biz_gplaces_1789531521111_e16v4,EMOJI_SPAM,LOW,"Contains emoji symbols in name or description"
biz_1788291311907,ALL_CAPS,LOW,"Contains repetitive ALL-CAPS English words"
biz_1788556146685,ALL_CAPS,LOW,"Contains repetitive ALL-CAPS English words"
lead_1788560450663_u250w,ALL_CAPS,LOW,"Contains repetitive ALL-CAPS English words"
biz_1788921948578,ALL_CAPS,LOW,"Contains repetitive ALL-CAPS English words"
biz_1789038561761_xt9gf,ALL_CAPS,LOW,"Contains repetitive ALL-CAPS English words"
biz_1789044471220_blync,ALL_CAPS,LOW,"Contains repetitive ALL-CAPS English words"
biz_1789044484859_jveaz,ALL_CAPS,LOW,"Contains repetitive ALL-CAPS English words"
biz_gplaces_1789056273661_9kamb,ALL_CAPS,LOW,"Contains repetitive ALL-CAPS English words"
biz_gplaces_1789057707186_qbkwa,ALL_CAPS,LOW,"Contains repetitive ALL-CAPS English words"
biz_gplaces_1789057724979_ztgil,ALL_CAPS,LOW,"Contains repetitive ALL-CAPS English words"
biz_gplaces_1789057845283_poid3,ALL_CAPS,LOW,"Contains repetitive ALL-CAPS English words"
biz_gplaces_1789057888637_xqchj,ALL_CAPS,LOW,"Contains repetitive ALL-CAPS English words"
biz_gplaces_1789057952247_4pf9u,ALL_CAPS,LOW,"Contains repetitive ALL-CAPS English words"
biz_gplaces_1789058111797_9gqp6,ALL_CAPS,LOW,"Contains repetitive ALL-CAPS English words"
biz_gplaces_1789061694264_v9vsl,ALL_CAPS,LOW,"Contains repetitive ALL-CAPS English words"
biz_gplaces_1789086831864_pphxp,ALL_CAPS,LOW,"Contains repetitive ALL-CAPS English words"
biz_gplaces_1789089242026_1tyts,ALL_CAPS,LOW,"Contains repetitive ALL-CAPS English words"
biz_gplaces_1789089242353_joaq9,ALL_CAPS,LOW,"Contains repetitive ALL-CAPS English words"
biz_gplaces_1789089971247_f0ht7,ALL_CAPS,LOW,"Contains repetitive ALL-CAPS English words"
biz_gplaces_1789089971403_nem85,ALL_CAPS,LOW,"Contains repetitive ALL-CAPS English words"
biz_gplaces_1789090086720_q049p,ALL_CAPS,LOW,"Contains repetitive ALL-CAPS English words"
biz_gplaces_1789090200299_kh9uj,ALL_CAPS,LOW,"Contains repetitive ALL-CAPS English words"
biz_gplaces_1789090200396_1aoqe,ALL_CAPS,LOW,"Contains repetitive ALL-CAPS English words"
biz_gplaces_1789090200586_agjnl,ALL_CAPS,LOW,"Contains repetitive ALL-CAPS English words"
biz_gplaces_1789090200895_ux832,ALL_CAPS,LOW,"Contains repetitive ALL-CAPS English words"
biz_gplaces_1789090234409_1eq43,ALL_CAPS,LOW,"Contains repetitive ALL-CAPS English words"
biz_gplaces_1789090311009_b5ep1,ALL_CAPS,LOW,"Contains repetitive ALL-CAPS English words"
biz_gplaces_1789090320209_v889w,ALL_CAPS,LOW,"Contains repetitive ALL-CAPS English words"
biz_gplaces_1789090330436_s01pc,ALL_CAPS,LOW,"Contains repetitive ALL-CAPS English words"
biz_gplaces_1789090340095_if506,ALL_CAPS,LOW,"Contains repetitive ALL-CAPS English words"
biz_gplaces_1789090349012_yp7j9,ALL_CAPS,LOW,"Contains repetitive ALL-CAPS English words"
biz_gplaces_1789090349419_vermc,ALL_CAPS,LOW,"Contains repetitive ALL-CAPS English words"
biz_gplaces_1789090384904_4g76h,ALL_CAPS,LOW,"Contains repetitive ALL-CAPS English words"
biz_gplaces_1789090399607_wpgpd,ALL_CAPS,LOW,"Contains repetitive ALL-CAPS English words"
biz_gplaces_1789090428752_zr08c,ALL_CAPS,LOW,"Contains repetitive ALL-CAPS English words"
biz_gplaces_1789090429304_t84k2,ALL_CAPS,LOW,"Contains repetitive ALL-CAPS English words"
biz_gplaces_1789196421531_j8rti,ALL_CAPS,LOW,"Contains repetitive ALL-CAPS English words"
biz_gplaces_1789196421674_9l6ym,ALL_CAPS,LOW,"Contains repetitive ALL-CAPS English words"
biz_gplaces_1789196451977_hed9s,ALL_CAPS,LOW,"Contains repetitive ALL-CAPS English words"
biz_gplaces_1789196452112_af7q6,ALL_CAPS,LOW,"Contains repetitive ALL-CAPS English words"
biz_gplaces_1789196651445_69ely,ALL_CAPS,LOW,"Contains repetitive ALL-CAPS English words"
biz_gplaces_1789196716932_r963i,ALL_CAPS,LOW,"Contains repetitive ALL-CAPS English words"
biz_gplaces_1789196763484_8w8w7,ALL_CAPS,LOW,"Contains repetitive ALL-CAPS English words"
biz_gplaces_1789196775306_q8kpj,ALL_CAPS,LOW,"Contains repetitive ALL-CAPS English words"
biz_gplaces_1789206078853_cx4pl,ALL_CAPS,LOW,"Contains repetitive ALL-CAPS English words"
biz_gplaces_1789206089274_qddng,ALL_CAPS,LOW,"Contains repetitive ALL-CAPS English words"
biz_gplaces_1789206089408_l1zb7,ALL_CAPS,LOW,"Contains repetitive ALL-CAPS English words"
biz_gplaces_1789206102623_hc53p,ALL_CAPS,LOW,"Contains repetitive ALL-CAPS English words"
biz_gplaces_1789206133766_4nc4h,ALL_CAPS,LOW,"Contains repetitive ALL-CAPS English words"
biz_gplaces_1789206134066_a5k0g,ALL_CAPS,LOW,"Contains repetitive ALL-CAPS English words"
biz_gplaces_1789206134230_htcu7,ALL_CAPS,LOW,"Contains repetitive ALL-CAPS English words"
biz_gplaces_1789259679320_hqwni,ALL_CAPS,LOW,"Contains repetitive ALL-CAPS English words"
biz_gplaces_1789259679589_43tll,ALL_CAPS,LOW,"Contains repetitive ALL-CAPS English words"
biz_gplaces_1789531591792_mzqer,ALL_CAPS,LOW,"Contains repetitive ALL-CAPS English words"
biz_gplaces_1789531606793_2uff7,ALL_CAPS,LOW,"Contains repetitive ALL-CAPS English words"
biz_gplaces_1789531731441_apcu5,ALL_CAPS,LOW,"Contains repetitive ALL-CAPS English words"
biz_gplaces_1789532414648_m18l4,ALL_CAPS,LOW,"Contains repetitive ALL-CAPS English words"
biz_gplaces_1789532436792_0hd31,ALL_CAPS,LOW,"Contains repetitive ALL-CAPS English words"
biz_gplaces_1789532448085_0ir2a,ALL_CAPS,LOW,"Contains repetitive ALL-CAPS English words"
biz_gplaces_1789533923757_0xaa6,ALL_CAPS,LOW,"Contains repetitive ALL-CAPS English words"
biz_gplaces_1789533923951_c8nsz,ALL_CAPS,LOW,"Contains repetitive ALL-CAPS English words"
biz_atlas_1789775937012_uqwrr,ALL_CAPS,LOW,"Contains repetitive ALL-CAPS English words"
biz_atlas_1789776056514_6supg,ALL_CAPS,LOW,"Contains repetitive ALL-CAPS English words"
biz_atlas_1789776077806_6u58g,ALL_CAPS,LOW,"Contains repetitive ALL-CAPS English words"
biz_atlas_1789777157066_tso9z,ALL_CAPS,LOW,"Contains repetitive ALL-CAPS English words"
biz_atlas_1789777231255_q2r62,ALL_CAPS,LOW,"Contains repetitive ALL-CAPS English words"
biz_atlas_1789777233955_4rsp8,ALL_CAPS,LOW,"Contains repetitive ALL-CAPS English words"
biz_atlas_1789792847666_033t0,ALL_CAPS,LOW,"Contains repetitive ALL-CAPS English words"
biz_atlas_1789859464151_2hq2c,ALL_CAPS,LOW,"Contains repetitive ALL-CAPS English words"
biz_gplaces_1789057826397_eqtcj,TATWEEL_NAME,LOW,"Business name contains cosmetic tatweel (kashida) characters"
biz_gplaces_1789089286801_epf84,TATWEEL_NAME,LOW,"Business name contains cosmetic tatweel (kashida) characters"
biz_gplaces_1789090428752_zr08c,TATWEEL_NAME,LOW,"Business name contains cosmetic tatweel (kashida) characters"
biz_gplaces_1789532413742_cctpz,TATWEEL_NAME,LOW,"Business name contains cosmetic tatweel (kashida) characters"
biz_1787771448574,WHITESPACE_NAME,LOW,"Business name has unnormalized whitespace"
biz_gplaces_1789090208080_32kw4,DUPLICATE_PHONE,MEDIUM,"Phone number 010***50 is shared across 2 listings"
biz_atlas_1789859450697_c2d75,DUPLICATE_PHONE,MEDIUM,"Phone number 010***50 is shared across 2 listings"
biz_gplaces_1789531606208_y854q,DUPLICATE_PHONE,MEDIUM,"Phone number 011***70 is shared across 2 listings"
biz_gplaces_1789531607202_prrbf,DUPLICATE_PHONE,MEDIUM,"Phone number 011***70 is shared across 2 listings"
biz_gplaces_1789531763900_0013x,DUPLICATE_PHONE,MEDIUM,"Phone number 011***42 is shared across 2 listings"
biz_gplaces_1789531764025_5s7it,DUPLICATE_PHONE,MEDIUM,"Phone number 011***42 is shared across 2 listings"
biz_gplaces_1789531824381_hihec,DUPLICATE_PHONE,MEDIUM,"Phone number 010***99 is shared across 2 listings"
biz_gplaces_1789531824912_56stg,DUPLICATE_PHONE,MEDIUM,"Phone number 010***99 is shared across 2 listings"
biz_gplaces_1789531840800_va1b8,DUPLICATE_PHONE,MEDIUM,"Phone number 011***45 is shared across 2 listings"
biz_gplaces_1789531840939_75vyt,DUPLICATE_PHONE,MEDIUM,"Phone number 011***45 is shared across 2 listings"
biz_gplaces_1789532241344_1vxp8,DUPLICATE_PHONE,MEDIUM,"Phone number 010***66 is shared across 2 listings"
biz_gplaces_1789532241716_0tsxr,DUPLICATE_PHONE,MEDIUM,"Phone number 010***66 is shared across 2 listings"
biz_gplaces_1789532252231_gogbg,DUPLICATE_PHONE,MEDIUM,"Phone number 011***20 is shared across 2 listings"
biz_gplaces_1789532252384_ws9fg,DUPLICATE_PHONE,MEDIUM,"Phone number 011***20 is shared across 2 listings"
biz_atlas_1789777158296_8d9hy,DUPLICATE_PHONE,MEDIUM,"Phone number 023***88 is shared across 2 listings"
biz_atlas_1789777159449_7pxu6,DUPLICATE_PHONE,MEDIUM,"Phone number 023***88 is shared across 2 listings"
biz_atlas_1789777159203_lu1fl,DUPLICATE_PHONE,MEDIUM,"Phone number 023***44 is shared across 2 listings"
biz_atlas_1789777159324_rhra9,DUPLICATE_PHONE,MEDIUM,"Phone number 023***44 is shared across 2 listings"
biz_atlas_1789777465216_xdbzj,DUPLICATE_PHONE,MEDIUM,"Phone number 011***37 is shared across 2 listings"
biz_atlas_1789860162097_3oofz,DUPLICATE_PHONE,MEDIUM,"Phone number 011***37 is shared across 2 listings"
biz_atlas_1789784902182_imro1,DUPLICATE_PHONE,MEDIUM,"Phone number 012***76 is shared across 2 listings"
biz_atlas_1789859477473_yebx2,DUPLICATE_PHONE,MEDIUM,"Phone number 012***76 is shared across 2 listings"
biz_atlas_1789792290564_2ok8n,DUPLICATE_PHONE,MEDIUM,"Phone number 010***81 is shared across 2 listings"
biz_atlas_1789860176250_siqdi,DUPLICATE_PHONE,MEDIUM,"Phone number 010***81 is shared across 2 listings"
biz_atlas_1789797241576_kgryl,DUPLICATE_PHONE,MEDIUM,"Phone number 011***13 is shared across 2 listings"
biz_atlas_1789797244787_q769h,DUPLICATE_PHONE,MEDIUM,"Phone number 011***13 is shared across 2 listings"
biz_atlas_1789859410938_d8hq4,DUPLICATE_PHONE,MEDIUM,"Phone number 022***00 is shared across 2 listings"
biz_atlas_1789859443215_x1lqw,DUPLICATE_PHONE,MEDIUM,"Phone number 022***00 is shared across 2 listings"
biz_atlas_1789859453134_8zp23,DUPLICATE_PHONE,MEDIUM,"Phone number 011***00 is shared across 2 listings"
biz_atlas_1789859454140_cz8qj,DUPLICATE_PHONE,MEDIUM,"Phone number 011***00 is shared across 2 listings"
biz_atlas_1789860203124_5hedu,DUPLICATE_PHONE,MEDIUM,"Phone number 012***11 is shared across 2 listings"
biz_atlas_1789860207663_5js8q,DUPLICATE_PHONE,MEDIUM,"Phone number 012***11 is shared across 2 listings"
biz_atlas_1789860250727_dinmb,DUPLICATE_PHONE,MEDIUM,"Phone number 011***70 is shared across 2 listings"
biz_atlas_1789860253614_8pae9,DUPLICATE_PHONE,MEDIUM,"Phone number 011***70 is shared across 2 listings"
biz_atlas_1789859433981_gagii,DUPLICATE_NAME_ADDRESS,HIGH,"Identical business name and address shared with 1 other listing(s)"
biz_atlas_1789859443844_ocx4v,DUPLICATE_NAME_ADDRESS,HIGH,"Identical business name and address shared with 1 other listing(s)"
biz_1788106394231,INVALID_PHONE,MEDIUM,"Phone number format does not match Egyptian standards: +249912322633"
biz_1788920616505,INVALID_PHONE,MEDIUM,"Phone number format does not match Egyptian standards: 0217555"
biz_1788922022854,INVALID_PHONE,MEDIUM,"Phone number format does not match Egyptian standards: 19739"
biz_gplaces_1789055595548_vqude,INVALID_PHONE,MEDIUM,"Phone number format does not match Egyptian standards: 0217555"
biz_gplaces_1789057789391_i0xf9,INVALID_PHONE,MEDIUM,"Phone number format does not match Egyptian standards: 0219544"
biz_gplaces_1789057882363_7tc45,INVALID_PHONE,MEDIUM,"Phone number format does not match Egyptian standards: 03 4041624"
biz_gplaces_1789057888537_uxbrm,INVALID_PHONE,MEDIUM,"Phone number format does not match Egyptian standards: 0216615"
biz_gplaces_1789057897258_fmbf1,INVALID_PHONE,MEDIUM,"Phone number format does not match Egyptian standards: 0216176"
biz_gplaces_1789089286724_rikre,INVALID_PHONE,MEDIUM,"Phone number format does not match Egyptian standards: 0219307"
biz_gplaces_1789089302162_rxjs3,INVALID_PHONE,MEDIUM,"Phone number format does not match Egyptian standards: 0219539"
biz_gplaces_1789089350004_xmbch,INVALID_PHONE,MEDIUM,"Phone number format does not match Egyptian standards: 02 6167824"
biz_gplaces_1789090179692_0999v,INVALID_PHONE,MEDIUM,"Phone number format does not match Egyptian standards: 0215254"
biz_gplaces_1789090215781_nlkzm,INVALID_PHONE,MEDIUM,"Phone number format does not match Egyptian standards: 03 3845481"
biz_gplaces_1789259679057_gzu24,INVALID_PHONE,MEDIUM,"Phone number format does not match Egyptian standards: 02 27599939 ext. 16449"
biz_gplaces_1789532716251_vlquc,INVALID_PHONE,MEDIUM,"Phone number format does not match Egyptian standards: 012259095551700883"
biz_gplaces_1789532716669_gq469,INVALID_PHONE,MEDIUM,"Phone number format does not match Egyptian standards: 0103367900246301"
biz_atlas_1789777427407_be2ff,INVALID_PHONE,MEDIUM,"Phone number format does not match Egyptian standards: 034702803"
biz_atlas_1789779609482_7am7y,INVALID_PHONE,MEDIUM,"Phone number format does not match Egyptian standards: 017640522145"
biz_atlas_1789859230722_oqsmo,INVALID_PHONE,MEDIUM,"Phone number format does not match Egyptian standards: 19914"
biz_atlas_1789860140155_lcyu9,INVALID_PHONE,MEDIUM,"Phone number format does not match Egyptian standards: 15476"
biz_atlas_1789861477561_4umgh,INVALID_PHONE,MEDIUM,"Phone number format does not match Egyptian standards: 0219000"
biz_atlas_1789861479224_60s0j,INVALID_PHONE,MEDIUM,"Phone number format does not match Egyptian standards: 0219019"
biz_gplaces_1789069672278_ho7ic,MISSING_COORDINATES,MEDIUM,"Latitude/Longitude coordinates missing, zero, or out of Egypt bounds"
biz_gplaces_1789196726316_3sekf,MISSING_COORDINATES,MEDIUM,"Latitude/Longitude coordinates missing, zero, or out of Egypt bounds"