id,name,category,phone,lat,lng,google_maps_link,reason_for_removal,kept_original_id
biz_atlas_1789797312919_uca36,274 z pyramids gardens,نشاط تجاري وخدمي,01000000000,29.9806123,31.0919237,"https://www.google.com/maps?q=29.9806123,31.0919237",عنوان سكني / كود عمارة أضيف بالخطأ,N/A (تم حذفه بالكامل)
biz_atlas_1789797285865_xvm4o,123 ز حدائق الاهرام,صالونات ومراكز تجميل وعناية,+20 10 34078537,29.9801095,31.0982274,"https://www.google.com/maps?q=29.9801095,31.0982274",عنوان سكني / كود عمارة أضيف بالخطأ,N/A (تم حذفه بالكامل)
biz_atlas_1789777499862_ze1iv,رادار ثابت السرعة (80),نشاط تجاري وخدمي,01000000000,29.9803348,31.1175458,"https://www.google.com/maps?q=29.9803348,31.1175458",رادار سرعة على الطريق السريع (كيان مروري غير تجاري),N/A (تم حذفه بالكامل)
biz_atlas_1789777495553_i9ym3,Panoramic Point of the Pyramids,نشاط تجاري وخدمي,01000000000,29.9682171,31.1232925,"https://www.google.com/maps?q=29.9682171,31.1232925",نقطة إطلالة صحراوية للأهرامات (معلم جغرافي غير تجاري),N/A (تم حذفه بالكامل)
biz_atlas_1789777495441_1opkc,Panoramic View of the Pyramids,نشاط تجاري وخدمي,01000000000,29.9723287,31.1206597,"https://www.google.com/maps?q=29.9723287,31.1206597",نقطة إطلالة صحراوية للأهرامات (معلم جغرافي غير تجاري),N/A (تم حذفه بالكامل)
biz_atlas_1789777467208_5c00e,رادار ثابت السرعة (80),نشاط تجاري وخدمي,01000000000,29.9803348,31.1175458,"https://www.google.com/maps?q=29.9803348,31.1175458",رادار سرعة على الطريق السريع (كيان مروري غير تجاري),N/A (تم حذفه بالكامل)
biz_atlas_1789777461118_m12jy,Panoramic Point of the Pyramids,نشاط تجاري وخدمي,01000000000,29.9682171,31.1232925,"https://www.google.com/maps?q=29.9682171,31.1232925",نقطة إطلالة صحراوية للأهرامات (معلم جغرافي غير تجاري),N/A (تم حذفه بالكامل)
biz_atlas_1789777461021_naduj,Panoramic view,نشاط تجاري وخدمي,01000000000,29.9695817,31.1256528,"https://www.google.com/maps?q=29.9695817,31.1256528",نقطة إطلالة صحراوية للأهرامات (معلم جغرافي غير تجاري),N/A (تم حذفه بالكامل)
biz_atlas_1789777460921_rh3la,Panoramic View of the Pyramids,نشاط تجاري وخدمي,01000000000,29.9723287,31.1206597,"https://www.google.com/maps?q=29.9723287,31.1206597",نقطة إطلالة صحراوية للأهرامات (معلم جغرافي غير تجاري),N/A (تم حذفه بالكامل)
biz_atlas_1789777424359_e2s4i,Panoramic View of the Pyramids,نشاط تجاري وخدمي,01000000000,29.9723287,31.1206597,"https://www.google.com/maps?q=29.9723287,31.1206597",نقطة إطلالة صحراوية للأهرامات (معلم جغرافي غير تجاري),N/A (تم حذفه بالكامل)
biz_atlas_1789777231456_0gja4,رادار ثابت السرعة (80),نشاط تجاري وخدمي,01000000000,29.9803348,31.1175458,"https://www.google.com/maps?q=29.9803348,31.1175458",رادار سرعة على الطريق السريع (كيان مروري غير تجاري),N/A (تم حذفه بالكامل)
biz_atlas_1789777199621_1v7d5,رادار ثابت السرعة (80),نشاط تجاري وخدمي,01000000000,29.9803348,31.1175458,"https://www.google.com/maps?q=29.9803348,31.1175458",رادار سرعة على الطريق السريع (كيان مروري غير تجاري),N/A (تم حذفه بالكامل)
biz_atlas_1789777153232_ovp0k,رادار ثابت السرعة (80),نشاط تجاري وخدمي,01000000000,29.9803348,31.1175458,"https://www.google.com/maps?q=29.9803348,31.1175458",رادار سرعة على الطريق السريع (كيان مروري غير تجاري),N/A (تم حذفه بالكامل)
biz_atlas_1789777114395_owq3c,رادار ثابت السرعة (80),نشاط تجاري وخدمي,01000000000,29.9803348,31.1175458,"https://www.google.com/maps?q=29.9803348,31.1175458",رادار سرعة على الطريق السريع (كيان مروري غير تجاري),N/A (تم حذفه بالكامل)
biz_atlas_1789777073228_6kvzy,رادار ثابت السرعة (80),نشاط تجاري وخدمي,01000000000,29.9803348,31.1175458,"https://www.google.com/maps?q=29.9803348,31.1175458",رادار سرعة على الطريق السريع (كيان مروري غير تجاري),N/A (تم حذفه بالكامل)
biz_atlas_1789777025585_mxgff,رادار ثابت السرعة (80),نشاط تجاري وخدمي,01000000000,29.9803348,31.1175458,"https://www.google.com/maps?q=29.9803348,31.1175458",رادار سرعة على الطريق السريع (كيان مروري غير تجاري),N/A (تم حذفه بالكامل)
biz_gplaces_1789206257259_2xag8,قاعود جيم,جيم وصالة لياقة بدنية (Fitness),010 05402467,29.9779389,31.0967474,"https://www.google.com/maps?q=29.9779389,31.0967474",نسخة مكررة (نفس Google Place ID) - تم الإبقاء على الأصلية [biz_atlas_1789797303037_5utev],biz_atlas_1789797303037_5utev
biz_gplaces_1789206245589_qzwrb,"Barber Center'''""Ahmed Ali ^^ Coiffeur",صالون حلاقة رجالي وعناية,012 25515186,29.9777791,31.0967227,"https://www.google.com/maps?q=29.9777791,31.0967227",نسخة مكررة (نفس Google Place ID) - تم الإبقاء على الأصلية [biz_atlas_1789797282838_hr17m],biz_atlas_1789797282838_hr17m
biz_gplaces_1789531460667_o3d2s,Beto3 fool - بتوع فول,مطعم / مأكولات ومشويات,010 95059109,29.9852146,31.096434,"https://www.google.com/maps?q=29.9852146,31.096434",نسخة مكررة (نفس Google Place ID) - تم الإبقاء على الأصلية [biz_atlas_1789797213550_x598s],biz_atlas_1789797213550_x598s
biz_gplaces_1789206197960_qdrfw,وصايه كافيه,كافيه / مقهى وكوفي شوب,012 24158314,29.9848473,31.0966077,"https://www.google.com/maps?q=29.9848473,31.0966077",نسخة مكررة (نفس Google Place ID) - تم الإبقاء على الأصلية [biz_atlas_1789797210080_jycb1],biz_atlas_1789797210080_jycb1
biz_gplaces_1789531690244_3r2lp,شفطة قهوة,كافيه / مقهى وكوفي شوب,010 92759717,29.9746146,31.1010109,"https://www.google.com/maps?q=29.9746146,31.1010109",نسخة مكررة (نفس Google Place ID) - تم الإبقاء على الأصلية [biz_atlas_1789792770953_f4vyd],biz_atlas_1789792770953_f4vyd
biz_gplaces_1789531690104_cmnyd,قهوة توماس النوبه,كافيه / مقهى وكوفي شوب,011 52929107,29.9711086,31.1001492,"https://www.google.com/maps?q=29.9711086,31.1001492",نسخة مكررة (نفس Google Place ID) - تم الإبقاء على الأصلية [biz_atlas_1789792768512_4izia],biz_atlas_1789792768512_4izia
biz_atlas_1789774832725_bokf2,اكاديمية الحزام الاسود للكاراتيه حدائق الاهرام,أندية وجيم وصالات رياضية,010 04422339,29.9815432,31.1030926,"https://www.google.com/maps?q=29.9815432,31.1030926",نسخة مكررة (نفس Google Place ID) - تم الإبقاء على الأصلية [biz_atlas_1789792347376_ay6yi],biz_atlas_1789792347376_ay6yi
biz_atlas_1789774833003_wk3k7,Empire gym,أندية وجيم وصالات رياضية,011 10396494,29.9838384,31.1044873,"https://www.google.com/maps?q=29.9838384,31.1044873",نسخة مكررة (نفس Google Place ID) - تم الإبقاء على الأصلية [biz_atlas_1789792346835_wn154],biz_atlas_1789792346835_wn154
biz_atlas_1789774833099_gtx5u,Rock Gym,أندية وجيم وصالات رياضية,011 23088885,29.9716053,31.1060357,"https://www.google.com/maps?q=29.9716053,31.1060357",نسخة مكررة (نفس Google Place ID) - تم الإبقاء على الأصلية [biz_atlas_1789792344922_uzlh4],biz_atlas_1789792344922_uzlh4
biz_gplaces_1789206257583_zl8ta,Rock Gym,جيم وصالة لياقة بدنية (Fitness),011 23088885,29.9716053,31.1060357,"https://www.google.com/maps?q=29.9716053,31.1060357",نسخة مكررة (نفس Google Place ID) - تم الإبقاء على الأصلية [biz_atlas_1789792344922_uzlh4],biz_atlas_1789792344922_uzlh4
biz_gplaces_1789531486213_wuq6y,Kalypso Cafe,كافيه / مقهى وكوفي شوب,011 47710910,29.9814106,31.1037292,"https://www.google.com/maps?q=29.9814106,31.1037292",نسخة مكررة (نفس Google Place ID) - تم الإبقاء على الأصلية [biz_atlas_1789792277608_dsfro],biz_atlas_1789792277608_dsfro
biz_gplaces_1789531459417_qxdnf,الكبابجى ابو عبدو,مطعم / مأكولات ومشويات,010 17124423,29.9712183,31.1047908,"https://www.google.com/maps?q=29.9712183,31.1047908",نسخة مكررة (نفس Google Place ID) - تم الإبقاء على الأصلية [biz_atlas_1789792256367_hnet5],biz_atlas_1789792256367_hnet5
biz_gplaces_1789206245873_zavxv,H&R salon,صالون حلاقة رجالي وعناية,011 22475065,29.9842435,31.1081151,"https://www.google.com/maps?q=29.9842435,31.1081151",نسخة مكررة (نفس Google Place ID) - تم الإبقاء على الأصلية [biz_atlas_1789792112638_7tfzd],biz_atlas_1789792112638_7tfzd
biz_gplaces_1789531521458_l1rql,Secret Garden Rest & Cafe,كافيه / مقهى وكوفي شوب,010 14418444,29.9809467,31.106003,"https://www.google.com/maps?q=29.9809467,31.106003",نسخة مكررة (نفس Google Place ID) - تم الإبقاء على الأصلية [biz_atlas_1789792047175_rsqk7],biz_atlas_1789792047175_rsqk7
biz_gplaces_1789532270430_18a7n,Lotus Cafe & Restaurant,مطعم / مأكولات ومشويات,011 00170479,29.9743218,31.1073427,"https://www.google.com/maps?q=29.9743218,31.1073427",نسخة مكررة (نفس Google Place ID) - تم الإبقاء على الأصلية [biz_atlas_1789792034994_eek0f],biz_atlas_1789792034994_eek0f
biz_gplaces_1789531731142_s2cc6,Candy roll,مخبز / حلواني ومعجنات,012 06790070,29.9746603,31.106912,"https://www.google.com/maps?q=29.9746603,31.106912",نسخة مكررة (نفس Google Place ID) - تم الإبقاء على الأصلية [biz_atlas_1789792032466_bdexu],biz_atlas_1789792032466_bdexu
biz_gplaces_1789532270107_jw1gx,Dans Le Noir ? Cairo - Giza,مطعم / مأكولات ومشويات,011 13497190,29.9780535,31.1065159,"https://www.google.com/maps?q=29.9780535,31.1065159",نسخة مكررة (نفس Google Place ID) - تم الإبقاء على الأصلية [biz_atlas_1789792031854_kai3j],biz_atlas_1789792031854_kai3j
biz_atlas_1789777200825_g5kwd,Hossam Ibrahim Barber,صالونات ومراكز تجميل وعناية,012 08428876,29.9859685,31.1134445,"https://www.google.com/maps?q=29.9859685,31.1134445",نسخة مكررة (نفس Google Place ID) - تم الإبقاء على الأصلية [biz_atlas_1789784902849_j1l6h],biz_atlas_1789784902849_j1l6h
biz_atlas_1789775937479_oimq1,PYRUS,نشاط تجاري وخدمي,012 04998555,29.9783278,31.1242698,"https://www.google.com/maps?q=29.9783278,31.1242698",نسخة مكررة (نفس Google Place ID) - تم الإبقاء على الأصلية [biz_atlas_1789777500792_9k5x4],biz_atlas_1789777500792_9k5x4
biz_atlas_1789777155524_4sdhz,Breadfast,مطاعم ومأكولات ومخابز,01000000000,29.9782968,31.1236778,"https://www.google.com/maps?q=29.9782968,31.1236778",نسخة مكررة (نفس Google Place ID) - تم الإبقاء على الأصلية [biz_atlas_1789777500570_sm6x0],biz_atlas_1789777500570_sm6x0
biz_atlas_1789777116249_vlkpr,Breadfast,مطاعم ومأكولات ومخابز,01000000000,29.9782968,31.1236778,"https://www.google.com/maps?q=29.9782968,31.1236778",نسخة مكررة (نفس Google Place ID) - تم الإبقاء على الأصلية [biz_atlas_1789777500570_sm6x0],biz_atlas_1789777500570_sm6x0
biz_atlas_1789777075026_melu7,Breadfast,مطاعم ومأكولات ومخابز,01000000000,29.9782968,31.1236778,"https://www.google.com/maps?q=29.9782968,31.1236778",نسخة مكررة (نفس Google Place ID) - تم الإبقاء على الأصلية [biz_atlas_1789777500570_sm6x0],biz_atlas_1789777500570_sm6x0
biz_atlas_1789777028049_tpx9e,Breadfast,مطاعم ومأكولات ومخابز,01000000000,29.9782968,31.1236778,"https://www.google.com/maps?q=29.9782968,31.1236778",نسخة مكررة (نفس Google Place ID) - تم الإبقاء على الأصلية [biz_atlas_1789777500570_sm6x0],biz_atlas_1789777500570_sm6x0
biz_atlas_1789775967967_awnr0,Breadfast,مطاعم ومأكولات ومخابز,01000000000,29.9782968,31.1236778,"https://www.google.com/maps?q=29.9782968,31.1236778",نسخة مكررة (نفس Google Place ID) - تم الإبقاء على الأصلية [biz_atlas_1789777500570_sm6x0],biz_atlas_1789777500570_sm6x0
biz_atlas_1789775937596_pukl4,Breadfast,مطاعم ومأكولات ومخابز,01000000000,29.9782968,31.1236778,"https://www.google.com/maps?q=29.9782968,31.1236778",نسخة مكررة (نفس Google Place ID) - تم الإبقاء على الأصلية [biz_atlas_1789777500570_sm6x0],biz_atlas_1789777500570_sm6x0
biz_atlas_1789770812610_wwolu,Breadfast,مطعم,01000000000,29.9782968,31.1236778,"https://www.google.com/maps?q=29.9782968,31.1236778",نسخة مكررة (نفس Google Place ID) - تم الإبقاء على الأصلية [biz_atlas_1789777500570_sm6x0],biz_atlas_1789777500570_sm6x0
biz_atlas_1789777468112_83i98,MLS Theater,نشاط تجاري وخدمي,01000000000,29.9801601,31.119398,"https://www.google.com/maps?q=29.9801601,31.119398",نسخة مكررة (نفس Google Place ID) - تم الإبقاء على الأصلية [biz_atlas_1789777500455_vgz8l],biz_atlas_1789777500455_vgz8l
biz_atlas_1789777199015_roxrv,MLS Theater,نشاط تجاري وخدمي,01000000000,29.9801601,31.119398,"https://www.google.com/maps?q=29.9801601,31.119398",نسخة مكررة (نفس Google Place ID) - تم الإبقاء على الأصلية [biz_atlas_1789777500455_vgz8l],biz_atlas_1789777500455_vgz8l
biz_atlas_1789777114289_9fqwh,MLS Theater,نشاط تجاري وخدمي,01000000000,29.9801601,31.119398,"https://www.google.com/maps?q=29.9801601,31.119398",نسخة مكررة (نفس Google Place ID) - تم الإبقاء على الأصلية [biz_atlas_1789777500455_vgz8l],biz_atlas_1789777500455_vgz8l
biz_atlas_1789777073124_w7fxi,MLS Theater,نشاط تجاري وخدمي,01000000000,29.9801601,31.119398,"https://www.google.com/maps?q=29.9801601,31.119398",نسخة مكررة (نفس Google Place ID) - تم الإبقاء على الأصلية [biz_atlas_1789777500455_vgz8l],biz_atlas_1789777500455_vgz8l
biz_atlas_1789777025419_rbj5t,MLS Theater,نشاط تجاري وخدمي,01000000000,29.9801601,31.119398,"https://www.google.com/maps?q=29.9801601,31.119398",نسخة مكررة (نفس Google Place ID) - تم الإبقاء على الأصلية [biz_atlas_1789777500455_vgz8l],biz_atlas_1789777500455_vgz8l
biz_atlas_1789777466377_qovia,Athletic Field,نشاط تجاري وخدمي,01000000000,29.9791773,31.1178726,"https://www.google.com/maps?q=29.9791773,31.1178726",نسخة مكررة (نفس Google Place ID) - تم الإبقاء على الأصلية [biz_atlas_1789777500106_xuaar],biz_atlas_1789777500106_xuaar
biz_atlas_1789777230795_8gm6a,Athletic Field,نشاط تجاري وخدمي,01000000000,29.9791773,31.1178726,"https://www.google.com/maps?q=29.9791773,31.1178726",نسخة مكررة (نفس Google Place ID) - تم الإبقاء على الأصلية [biz_atlas_1789777500106_xuaar],biz_atlas_1789777500106_xuaar
biz_atlas_1789777199367_0855g,Athletic Field,نشاط تجاري وخدمي,01000000000,29.9791773,31.1178726,"https://www.google.com/maps?q=29.9791773,31.1178726",نسخة مكررة (نفس Google Place ID) - تم الإبقاء على الأصلية [biz_atlas_1789777500106_xuaar],biz_atlas_1789777500106_xuaar
biz_atlas_1789777154129_nc8c6,Athletic Field,نشاط تجاري وخدمي,01000000000,29.9791773,31.1178726,"https://www.google.com/maps?q=29.9791773,31.1178726",نسخة مكررة (نفس Google Place ID) - تم الإبقاء على الأصلية [biz_atlas_1789777500106_xuaar],biz_atlas_1789777500106_xuaar
biz_atlas_1789777466802_rklps,أدارة منافذ المركزية جهاز مستقبل مصر,نشاط تجاري وخدمي,01000000000,29.9793832,31.1162924,"https://www.google.com/maps?q=29.9793832,31.1162924",نسخة مكررة (نفس Google Place ID) - تم الإبقاء على الأصلية [biz_atlas_1789777499735_v1yxp],biz_atlas_1789777499735_v1yxp
biz_atlas_1789777230449_8vw78,أدارة منافذ المركزية جهاز مستقبل مصر,نشاط تجاري وخدمي,01000000000,29.9793832,31.1162924,"https://www.google.com/maps?q=29.9793832,31.1162924",نسخة مكررة (نفس Google Place ID) - تم الإبقاء على الأصلية [biz_atlas_1789777499735_v1yxp],biz_atlas_1789777499735_v1yxp
biz_atlas_1789777153406_rukj3,أدارة منافذ المركزية جهاز مستقبل مصر,نشاط تجاري وخدمي,01000000000,29.9793832,31.1162924,"https://www.google.com/maps?q=29.9793832,31.1162924",نسخة مكررة (نفس Google Place ID) - تم الإبقاء على الأصلية [biz_atlas_1789777499735_v1yxp],biz_atlas_1789777499735_v1yxp
biz_atlas_1789777025271_wt1nw,Arab Bank Misr Language Schools ATM - صراف آلي مدرسة مصر للغات,مدارس وحضانات ومراكز تعليمية,02 21294800,29.9808307,31.120141,"https://www.google.com/maps?q=29.9808307,31.120141",نسخة مكررة (نفس Google Place ID) - تم الإبقاء على الأصلية [biz_atlas_1789777499607_rdvg7],biz_atlas_1789777499607_rdvg7
biz_atlas_1789777467340_i9ywg,Master Exspress,كافيهات ومقاهي ومشروبات,01000000000,29.980189,31.1161789,"https://www.google.com/maps?q=29.980189,31.1161789",نسخة مكررة (نفس Google Place ID) - تم الإبقاء على الأصلية [biz_atlas_1789777499351_piw6d],biz_atlas_1789777499351_piw6d
biz_atlas_1789777231177_qo089,Master Exspress,كافيهات ومقاهي ومشروبات,01000000000,29.980189,31.1161789,"https://www.google.com/maps?q=29.980189,31.1161789",نسخة مكررة (نفس Google Place ID) - تم الإبقاء على الأصلية [biz_atlas_1789777499351_piw6d],biz_atlas_1789777499351_piw6d
biz_atlas_1789777198755_nejzj,Master Exspress,كافيهات ومقاهي ومشروبات,01000000000,29.980189,31.1161789,"https://www.google.com/maps?q=29.980189,31.1161789",نسخة مكررة (نفس Google Place ID) - تم الإبقاء على الأصلية [biz_atlas_1789777499351_piw6d],biz_atlas_1789777499351_piw6d
biz_atlas_1789777152967_5wi8v,Master Exspress,كافيهات ومقاهي ومشروبات,01000000000,29.980189,31.1161789,"https://www.google.com/maps?q=29.980189,31.1161789",نسخة مكررة (نفس Google Place ID) - تم الإبقاء على الأصلية [biz_atlas_1789777499351_piw6d],biz_atlas_1789777499351_piw6d
biz_atlas_1789776055243_m3y4w,Master Exspress,كافيهات ومقاهي ومشروبات,01000000000,29.980189,31.1161789,"https://www.google.com/maps?q=29.980189,31.1161789",نسخة مكررة (نفس Google Place ID) - تم الإبقاء على الأصلية [biz_atlas_1789777499351_piw6d],biz_atlas_1789777499351_piw6d
biz_atlas_1789777466936_zc326,MLS British Campus,مدارس وحضانات ومراكز تعليمية,01000000000,29.9798181,31.1181324,"https://www.google.com/maps?q=29.9798181,31.1181324",نسخة مكررة (نفس Google Place ID) - تم الإبقاء على الأصلية [biz_atlas_1789777498839_w08ma],biz_atlas_1789777498839_w08ma
biz_atlas_1789777231370_zug0o,MLS British Campus,مدارس وحضانات ومراكز تعليمية,01000000000,29.9798181,31.1181324,"https://www.google.com/maps?q=29.9798181,31.1181324",نسخة مكررة (نفس Google Place ID) - تم الإبقاء على الأصلية [biz_atlas_1789777498839_w08ma],biz_atlas_1789777498839_w08ma
biz_atlas_1789777198493_92wbp,MLS British Campus,مدارس وحضانات ومراكز تعليمية,01000000000,29.9798181,31.1181324,"https://www.google.com/maps?q=29.9798181,31.1181324",نسخة مكررة (نفس Google Place ID) - تم الإبقاء على الأصلية [biz_atlas_1789777498839_w08ma],biz_atlas_1789777498839_w08ma
biz_atlas_1789777153708_vtj5d,MLS British Campus,مدارس وحضانات ومراكز تعليمية,01000000000,29.9798181,31.1181324,"https://www.google.com/maps?q=29.9798181,31.1181324",نسخة مكررة (نفس Google Place ID) - تم الإبقاء على الأصلية [biz_atlas_1789777498839_w08ma],biz_atlas_1789777498839_w08ma
biz_atlas_1789777114611_8ah08,MLS British Campus,مدارس وحضانات ومراكز تعليمية,01000000000,29.9798181,31.1181324,"https://www.google.com/maps?q=29.9798181,31.1181324",نسخة مكررة (نفس Google Place ID) - تم الإبقاء على الأصلية [biz_atlas_1789777498839_w08ma],biz_atlas_1789777498839_w08ma
biz_atlas_1789777073456_gbhek,MLS British Campus,مدارس وحضانات ومراكز تعليمية,01000000000,29.9798181,31.1181324,"https://www.google.com/maps?q=29.9798181,31.1181324",نسخة مكررة (نفس Google Place ID) - تم الإبقاء على الأصلية [biz_atlas_1789777498839_w08ma],biz_atlas_1789777498839_w08ma
biz_atlas_1789777025894_mqf3k,MLS British Campus,مدارس وحضانات ومراكز تعليمية,01000000000,29.9798181,31.1181324,"https://www.google.com/maps?q=29.9798181,31.1181324",نسخة مكررة (نفس Google Place ID) - تم الإبقاء على الأصلية [biz_atlas_1789777498839_w08ma],biz_atlas_1789777498839_w08ma
biz_atlas_1789776054837_l444j,MLS British Campus,مدارس وحضانات ومراكز تعليمية,01000000000,29.9798181,31.1181324,"https://www.google.com/maps?q=29.9798181,31.1181324",نسخة مكررة (نفس Google Place ID) - تم الإبقاء على الأصلية [biz_atlas_1789777498839_w08ma],biz_atlas_1789777498839_w08ma
biz_atlas_1789775936326_cv2lm,The King Khufu Center,نشاط تجاري وخدمي,012 85467038,29.9782991,31.1242957,"https://www.google.com/maps?q=29.9782991,31.1242957",نسخة مكررة (نفس Google Place ID) - تم الإبقاء على الأصلية [biz_atlas_1789777498605_yp18i],biz_atlas_1789777498605_yp18i
biz_atlas_1789777461440_zhpak,Mulliri The Coffee Company,كافيهات ومقاهي ومشروبات,01000000000,29.9762068,31.1249378,"https://www.google.com/maps?q=29.9762068,31.1249378",نسخة مكررة (نفس Google Place ID) - تم الإبقاء على الأصلية [biz_atlas_1789777498479_uw9bc],biz_atlas_1789777498479_uw9bc
biz_atlas_1789777466250_1y2tc,MLS Lycée Campus,مدارس وحضانات ومراكز تعليمية,01000000000,29.9806317,31.120313,"https://www.google.com/maps?q=29.9806317,31.120313",نسخة مكررة (نفس Google Place ID) - تم الإبقاء على الأصلية [biz_atlas_1789777498370_40wri],biz_atlas_1789777498370_40wri
biz_atlas_1789777198204_osuw9,MLS Lycée Campus,مدارس وحضانات ومراكز تعليمية,01000000000,29.9806317,31.120313,"https://www.google.com/maps?q=29.9806317,31.120313",نسخة مكررة (نفس Google Place ID) - تم الإبقاء على الأصلية [biz_atlas_1789777498370_40wri],biz_atlas_1789777498370_40wri
biz_atlas_1789777152355_i5tlq,MLS Lycée Campus,مدارس وحضانات ومراكز تعليمية,01000000000,29.9806317,31.120313,"https://www.google.com/maps?q=29.9806317,31.120313",نسخة مكررة (نفس Google Place ID) - تم الإبقاء على الأصلية [biz_atlas_1789777498370_40wri],biz_atlas_1789777498370_40wri
biz_atlas_1789777113401_skxy7,MLS Lycée Campus,مدارس وحضانات ومراكز تعليمية,01000000000,29.9806317,31.120313,"https://www.google.com/maps?q=29.9806317,31.120313",نسخة مكررة (نفس Google Place ID) - تم الإبقاء على الأصلية [biz_atlas_1789777498370_40wri],biz_atlas_1789777498370_40wri
biz_atlas_1789777072138_ft8cl,MLS Lycée Campus,مدارس وحضانات ومراكز تعليمية,01000000000,29.9806317,31.120313,"https://www.google.com/maps?q=29.9806317,31.120313",نسخة مكررة (نفس Google Place ID) - تم الإبقاء على الأصلية [biz_atlas_1789777498370_40wri],biz_atlas_1789777498370_40wri
biz_atlas_1789777023887_j9b9d,MLS Lycée Campus,مدارس وحضانات ومراكز تعليمية,01000000000,29.9806317,31.120313,"https://www.google.com/maps?q=29.9806317,31.120313",نسخة مكررة (نفس Google Place ID) - تم الإبقاء على الأصلية [biz_atlas_1789777498370_40wri],biz_atlas_1789777498370_40wri
biz_atlas_1789776054500_k174k,MLS Lycée Campus,مدارس وحضانات ومراكز تعليمية,01000000000,29.9806317,31.120313,"https://www.google.com/maps?q=29.9806317,31.120313",نسخة مكررة (نفس Google Place ID) - تم الإبقاء على الأصلية [biz_atlas_1789777498370_40wri],biz_atlas_1789777498370_40wri
biz_atlas_1789775966786_yo8ht,MLS Lycée Campus,مدارس وحضانات ومراكز تعليمية,01000000000,29.9806317,31.120313,"https://www.google.com/maps?q=29.9806317,31.120313",نسخة مكررة (نفس Google Place ID) - تم الإبقاء على الأصلية [biz_atlas_1789777498370_40wri],biz_atlas_1789777498370_40wri
biz_atlas_1789775935253_se2kx,MLS Lycée Campus,مدارس وحضانات ومراكز تعليمية,01000000000,29.9806317,31.120313,"https://www.google.com/maps?q=29.9806317,31.120313",نسخة مكررة (نفس Google Place ID) - تم الإبقاء على الأصلية [biz_atlas_1789777498370_40wri],biz_atlas_1789777498370_40wri
biz_atlas_1789777371593_r47ik,موقف حدائق الاهرام,نشاط تجاري وخدمي,01000000000,29.9810546,31.112738,"https://www.google.com/maps?q=29.9810546,31.112738",نسخة مكررة (نفس Google Place ID) - تم الإبقاء على الأصلية [biz_atlas_1789777496881_tiehl],biz_atlas_1789777496881_tiehl
biz_atlas_1789777275651_piumj,موقف حدائق الاهرام,نشاط تجاري وخدمي,01000000000,29.9810546,31.112738,"https://www.google.com/maps?q=29.9810546,31.112738",نسخة مكررة (نفس Google Place ID) - تم الإبقاء على الأصلية [biz_atlas_1789777496881_tiehl],biz_atlas_1789777496881_tiehl
biz_atlas_1789777197171_c74w8,موقف حدائق الاهرام,نشاط تجاري وخدمي,01000000000,29.9810546,31.112738,"https://www.google.com/maps?q=29.9810546,31.112738",نسخة مكررة (نفس Google Place ID) - تم الإبقاء على الأصلية [biz_atlas_1789777496881_tiehl],biz_atlas_1789777496881_tiehl
biz_atlas_1789777152554_7c9e6,موقف حدائق الاهرام,نشاط تجاري وخدمي,01000000000,29.9810546,31.112738,"https://www.google.com/maps?q=29.9810546,31.112738",نسخة مكررة (نفس Google Place ID) - تم الإبقاء على الأصلية [biz_atlas_1789777496881_tiehl],biz_atlas_1789777496881_tiehl
biz_atlas_1789777367007_pih9o,هضبه الاهرام,مدارس وحضانات ومراكز تعليمية,01000000000,29.9775802,31.1119513,"https://www.google.com/maps?q=29.9775802,31.1119513",نسخة مكررة (نفس Google Place ID) - تم الإبقاء على الأصلية [biz_atlas_1789777496667_oa675],biz_atlas_1789777496667_oa675
biz_atlas_1789777270945_318th,هضبه الاهرام,مدارس وحضانات ومراكز تعليمية,01000000000,29.9775802,31.1119513,"https://www.google.com/maps?q=29.9775802,31.1119513",نسخة مكررة (نفس Google Place ID) - تم الإبقاء على الأصلية [biz_atlas_1789777496667_oa675],biz_atlas_1789777496667_oa675
biz_atlas_1789777230054_3b78i,هضبه الاهرام,مدارس وحضانات ومراكز تعليمية,01000000000,29.9775802,31.1119513,"https://www.google.com/maps?q=29.9775802,31.1119513",نسخة مكررة (نفس Google Place ID) - تم الإبقاء على الأصلية [biz_atlas_1789777496667_oa675],biz_atlas_1789777496667_oa675
biz_atlas_1789777196424_0v6uk,هضبه الاهرام,مدارس وحضانات ومراكز تعليمية,01000000000,29.9775802,31.1119513,"https://www.google.com/maps?q=29.9775802,31.1119513",نسخة مكررة (نفس Google Place ID) - تم الإبقاء على الأصلية [biz_atlas_1789777496667_oa675],biz_atlas_1789777496667_oa675
biz_atlas_1789776110264_z3vpr,هضبه الاهرام,مدارس وحضانات ومراكز تعليمية,01000000000,29.9775802,31.1119513,"https://www.google.com/maps?q=29.9775802,31.1119513",نسخة مكررة (نفس Google Place ID) - تم الإبقاء على الأصلية [biz_atlas_1789777496667_oa675],biz_atlas_1789777496667_oa675
biz_atlas_1789776076012_qpz50,هضبه الاهرام,مدارس وحضانات ومراكز تعليمية,01000000000,29.9775802,31.1119513,"https://www.google.com/maps?q=29.9775802,31.1119513",نسخة مكررة (نفس Google Place ID) - تم الإبقاء على الأصلية [biz_atlas_1789777496667_oa675],biz_atlas_1789777496667_oa675
biz_atlas_1789776054011_a7694,هضبه الاهرام,مدارس وحضانات ومراكز تعليمية,01000000000,29.9775802,31.1119513,"https://www.google.com/maps?q=29.9775802,31.1119513",نسخة مكررة (نفس Google Place ID) - تم الإبقاء على الأصلية [biz_atlas_1789777496667_oa675],biz_atlas_1789777496667_oa675
biz_atlas_1789776053708_hldpq,ابوعوف لمستلزمات البيت و ست البيت,نشاط تجاري وخدمي,02 33791690,29.9781581,31.1096312,"https://www.google.com/maps?q=29.9781581,31.1096312",نسخة مكررة (نفس Google Place ID) - تم الإبقاء على الأصلية [biz_atlas_1789777496548_3vcij],biz_atlas_1789777496548_3vcij
biz_atlas_1789777461238_bn5mi,سيتى كلينك للخدمات الطبية,عيادات ومراكز طبية وصيدليات,01000000000,29.9750109,31.1092931,"https://www.google.com/maps?q=29.9750109,31.1092931",نسخة مكررة (نفس Google Place ID) - تم الإبقاء على الأصلية [biz_atlas_1789777496449_bfqi7],biz_atlas_1789777496449_bfqi7
biz_atlas_1789777364607_ee1dm,سيتى كلينك للخدمات الطبية,عيادات ومراكز طبية وصيدليات,01000000000,29.9750109,31.1092931,"https://www.google.com/maps?q=29.9750109,31.1092931",نسخة مكررة (نفس Google Place ID) - تم الإبقاء على الأصلية [biz_atlas_1789777496449_bfqi7],biz_atlas_1789777496449_bfqi7
biz_atlas_1789777270388_0qvu1,سيتى كلينك للخدمات الطبية,عيادات ومراكز طبية وصيدليات,01000000000,29.9750109,31.1092931,"https://www.google.com/maps?q=29.9750109,31.1092931",نسخة مكررة (نفس Google Place ID) - تم الإبقاء على الأصلية [biz_atlas_1789777496449_bfqi7],biz_atlas_1789777496449_bfqi7
biz_atlas_1789777227966_74gu8,سيتى كلينك للخدمات الطبية,عيادات ومراكز طبية وصيدليات,01000000000,29.9750109,31.1092931,"https://www.google.com/maps?q=29.9750109,31.1092931",نسخة مكررة (نفس Google Place ID) - تم الإبقاء على الأصلية [biz_atlas_1789777496449_bfqi7],biz_atlas_1789777496449_bfqi7
biz_atlas_1789776109286_z8odl,سيتى كلينك للخدمات الطبية,عيادات ومراكز طبية وصيدليات,01000000000,29.9750109,31.1092931,"https://www.google.com/maps?q=29.9750109,31.1092931",نسخة مكررة (نفس Google Place ID) - تم الإبقاء على الأصلية [biz_atlas_1789777496449_bfqi7],biz_atlas_1789777496449_bfqi7
biz_atlas_1789776075007_uzhpe,سيتى كلينك للخدمات الطبية,عيادات ومراكز طبية وصيدليات,01000000000,29.9750109,31.1092931,"https://www.google.com/maps?q=29.9750109,31.1092931",نسخة مكررة (نفس Google Place ID) - تم الإبقاء على الأصلية [biz_atlas_1789777496449_bfqi7],biz_atlas_1789777496449_bfqi7
biz_atlas_1789777461338_if05g,Remaya,كافيهات ومقاهي ومشروبات,01000000000,29.9802262,31.1161217,"https://www.google.com/maps?q=29.9802262,31.1161217",نسخة مكررة (نفس Google Place ID) - تم الإبقاء على الأصلية [biz_atlas_1789777496352_ggyat],biz_atlas_1789777496352_ggyat
biz_atlas_1789777370987_b58lj,Remaya,كافيهات ومقاهي ومشروبات,01000000000,29.9802262,31.1161217,"https://www.google.com/maps?q=29.9802262,31.1161217",نسخة مكررة (نفس Google Place ID) - تم الإبقاء على الأصلية [biz_atlas_1789777496352_ggyat],biz_atlas_1789777496352_ggyat
biz_atlas_1789777275086_hc7vy,Remaya,كافيهات ومقاهي ومشروبات,01000000000,29.9802262,31.1161217,"https://www.google.com/maps?q=29.9802262,31.1161217",نسخة مكررة (نفس Google Place ID) - تم الإبقاء على الأصلية [biz_atlas_1789777496352_ggyat],biz_atlas_1789777496352_ggyat
biz_atlas_1789777229980_9iufx,Remaya,كافيهات ومقاهي ومشروبات,01000000000,29.9802262,31.1161217,"https://www.google.com/maps?q=29.9802262,31.1161217",نسخة مكررة (نفس Google Place ID) - تم الإبقاء على الأصلية [biz_atlas_1789777496352_ggyat],biz_atlas_1789777496352_ggyat
biz_atlas_1789777196286_sueth,Remaya,كافيهات ومقاهي ومشروبات,01000000000,29.9802262,31.1161217,"https://www.google.com/maps?q=29.9802262,31.1161217",نسخة مكررة (نفس Google Place ID) - تم الإبقاء على الأصلية [biz_atlas_1789777496352_ggyat],biz_atlas_1789777496352_ggyat
biz_atlas_1789777152218_twerc,Remaya,كافيهات ومقاهي ومشروبات,01000000000,29.9802262,31.1161217,"https://www.google.com/maps?q=29.9802262,31.1161217",نسخة مكررة (نفس Google Place ID) - تم الإبقاء على الأصلية [biz_atlas_1789777496352_ggyat],biz_atlas_1789777496352_ggyat
biz_atlas_1789777113233_fh9g5,Remaya,كافيهات ومقاهي ومشروبات,01000000000,29.9802262,31.1161217,"https://www.google.com/maps?q=29.9802262,31.1161217",نسخة مكررة (نفس Google Place ID) - تم الإبقاء على الأصلية [biz_atlas_1789777496352_ggyat],biz_atlas_1789777496352_ggyat
biz_atlas_1789777072023_zw7zh,Remaya,كافيهات ومقاهي ومشروبات,01000000000,29.9802262,31.1161217,"https://www.google.com/maps?q=29.9802262,31.1161217",نسخة مكررة (نفس Google Place ID) - تم الإبقاء على الأصلية [biz_atlas_1789777496352_ggyat],biz_atlas_1789777496352_ggyat
biz_atlas_1789777023732_udeko,Remaya,كافيهات ومقاهي ومشروبات,01000000000,29.9802262,31.1161217,"https://www.google.com/maps?q=29.9802262,31.1161217",نسخة مكررة (نفس Google Place ID) - تم الإبقاء على الأصلية [biz_atlas_1789777496352_ggyat],biz_atlas_1789777496352_ggyat
biz_atlas_1789776112162_0dg1h,Remaya,كافيهات ومقاهي ومشروبات,01000000000,29.9802262,31.1161217,"https://www.google.com/maps?q=29.9802262,31.1161217",نسخة مكررة (نفس Google Place ID) - تم الإبقاء على الأصلية [biz_atlas_1789777496352_ggyat],biz_atlas_1789777496352_ggyat
biz_atlas_1789776075921_7v4be,Remaya,كافيهات ومقاهي ومشروبات,01000000000,29.9802262,31.1161217,"https://www.google.com/maps?q=29.9802262,31.1161217",نسخة مكررة (نفس Google Place ID) - تم الإبقاء على الأصلية [biz_atlas_1789777496352_ggyat],biz_atlas_1789777496352_ggyat
biz_atlas_1789776053430_h5vfx,Remaya,كافيهات ومقاهي ومشروبات,01000000000,29.9802262,31.1161217,"https://www.google.com/maps?q=29.9802262,31.1161217",نسخة مكررة (نفس Google Place ID) - تم الإبقاء على الأصلية [biz_atlas_1789777496352_ggyat],biz_atlas_1789777496352_ggyat
biz_atlas_1789775966701_bun8j,Remaya,كافيهات ومقاهي ومشروبات,01000000000,29.9802262,31.1161217,"https://www.google.com/maps?q=29.9802262,31.1161217",نسخة مكررة (نفس Google Place ID) - تم الإبقاء على الأصلية [biz_atlas_1789777496352_ggyat],biz_atlas_1789777496352_ggyat
biz_atlas_1789775935144_7bg2b,Remaya,كافيهات ومقاهي ومشروبات,01000000000,29.9802262,31.1161217,"https://www.google.com/maps?q=29.9802262,31.1161217",نسخة مكررة (نفس Google Place ID) - تم الإبقاء على الأصلية [biz_atlas_1789777496352_ggyat],biz_atlas_1789777496352_ggyat
biz_atlas_1789777460825_skik6,بنزينة وطنية,نشاط تجاري وخدمي,01000000000,29.9801784,31.1161432,"https://www.google.com/maps?q=29.9801784,31.1161432",نسخة مكررة (نفس Google Place ID) - تم الإبقاء على الأصلية [biz_atlas_1789777496247_nd99g],biz_atlas_1789777496247_nd99g
biz_atlas_1789777424207_6846h,بنزينة وطنية,نشاط تجاري وخدمي,01000000000,29.9801784,31.1161432,"https://www.google.com/maps?q=29.9801784,31.1161432",نسخة مكررة (نفس Google Place ID) - تم الإبقاء على الأصلية [biz_atlas_1789777496247_nd99g],biz_atlas_1789777496247_nd99g
biz_atlas_1789777370851_og7hz,بنزينة وطنية,نشاط تجاري وخدمي,01000000000,29.9801784,31.1161432,"https://www.google.com/maps?q=29.9801784,31.1161432",نسخة مكررة (نفس Google Place ID) - تم الإبقاء على الأصلية [biz_atlas_1789777496247_nd99g],biz_atlas_1789777496247_nd99g
biz_atlas_1789777274849_3dyas,بنزينة وطنية,نشاط تجاري وخدمي,01000000000,29.9801784,31.1161432,"https://www.google.com/maps?q=29.9801784,31.1161432",نسخة مكررة (نفس Google Place ID) - تم الإبقاء على الأصلية [biz_atlas_1789777496247_nd99g],biz_atlas_1789777496247_nd99g
biz_atlas_1789777229894_4v1bc,بنزينة وطنية,نشاط تجاري وخدمي,01000000000,29.9801784,31.1161432,"https://www.google.com/maps?q=29.9801784,31.1161432",نسخة مكررة (نفس Google Place ID) - تم الإبقاء على الأصلية [biz_atlas_1789777496247_nd99g],biz_atlas_1789777496247_nd99g
biz_atlas_1789777196185_t8x6g,بنزينة وطنية,نشاط تجاري وخدمي,01000000000,29.9801784,31.1161432,"https://www.google.com/maps?q=29.9801784,31.1161432",نسخة مكررة (نفس Google Place ID) - تم الإبقاء على الأصلية [biz_atlas_1789777496247_nd99g],biz_atlas_1789777496247_nd99g
biz_atlas_1789777152101_ghuv4,بنزينة وطنية,نشاط تجاري وخدمي,01000000000,29.9801784,31.1161432,"https://www.google.com/maps?q=29.9801784,31.1161432",نسخة مكررة (نفس Google Place ID) - تم الإبقاء على الأصلية [biz_atlas_1789777496247_nd99g],biz_atlas_1789777496247_nd99g
biz_atlas_1789777113142_1cvkc,بنزينة وطنية,نشاط تجاري وخدمي,01000000000,29.9801784,31.1161432,"https://www.google.com/maps?q=29.9801784,31.1161432",نسخة مكررة (نفس Google Place ID) - تم الإبقاء على الأصلية [biz_atlas_1789777496247_nd99g],biz_atlas_1789777496247_nd99g
biz_atlas_1789777071936_90lcq,بنزينة وطنية,نشاط تجاري وخدمي,01000000000,29.9801784,31.1161432,"https://www.google.com/maps?q=29.9801784,31.1161432",نسخة مكررة (نفس Google Place ID) - تم الإبقاء على الأصلية [biz_atlas_1789777496247_nd99g],biz_atlas_1789777496247_nd99g
biz_atlas_1789777023568_n60mo,بنزينة وطنية,نشاط تجاري وخدمي,01000000000,29.9801784,31.1161432,"https://www.google.com/maps?q=29.9801784,31.1161432",نسخة مكررة (نفس Google Place ID) - تم الإبقاء على الأصلية [biz_atlas_1789777496247_nd99g],biz_atlas_1789777496247_nd99g
biz_atlas_1789776112049_c6n0i,بنزينة وطنية,نشاط تجاري وخدمي,01000000000,29.9801784,31.1161432,"https://www.google.com/maps?q=29.9801784,31.1161432",نسخة مكررة (نفس Google Place ID) - تم الإبقاء على الأصلية [biz_atlas_1789777496247_nd99g],biz_atlas_1789777496247_nd99g
biz_atlas_1789776075833_xlpcl,بنزينة وطنية,نشاط تجاري وخدمي,01000000000,29.9801784,31.1161432,"https://www.google.com/maps?q=29.9801784,31.1161432",نسخة مكررة (نفس Google Place ID) - تم الإبقاء على الأصلية [biz_atlas_1789777496247_nd99g],biz_atlas_1789777496247_nd99g
biz_atlas_1789776053152_ubs5i,بنزينة وطنية,نشاط تجاري وخدمي,01000000000,29.9801784,31.1161432,"https://www.google.com/maps?q=29.9801784,31.1161432",نسخة مكررة (نفس Google Place ID) - تم الإبقاء على الأصلية [biz_atlas_1789777496247_nd99g],biz_atlas_1789777496247_nd99g
biz_atlas_1789775966622_d1okj,بنزينة وطنية,نشاط تجاري وخدمي,01000000000,29.9801784,31.1161432,"https://www.google.com/maps?q=29.9801784,31.1161432",نسخة مكررة (نفس Google Place ID) - تم الإبقاء على الأصلية [biz_atlas_1789777496247_nd99g],biz_atlas_1789777496247_nd99g
biz_atlas_1789775935031_r16dj,بنزينة وطنية,نشاط تجاري وخدمي,01000000000,29.9801784,31.1161432,"https://www.google.com/maps?q=29.9801784,31.1161432",نسخة مكررة (نفس Google Place ID) - تم الإبقاء على الأصلية [biz_atlas_1789777496247_nd99g],biz_atlas_1789777496247_nd99g
biz_atlas_1789777462045_1cq4w,Konouz Egypt Replica Treasures,سوبرماركت ومحلات تجارة وتجزئة,01000000000,29.9724632,31.1196916,"https://www.google.com/maps?q=29.9724632,31.1196916",نسخة مكررة (نفس Google Place ID) - تم الإبقاء على الأصلية [biz_atlas_1789777495891_3zwx3],biz_atlas_1789777495891_3zwx3
biz_atlas_1789777367223_8e1m0,الهرم المريوطيه عروبه,نشاط تجاري وخدمي,01000000000,29.97163,31.1137544,"https://www.google.com/maps?q=29.97163,31.1137544",نسخة مكررة (نفس Google Place ID) - تم الإبقاء على الأصلية [biz_atlas_1789777493347_g5e5r],biz_atlas_1789777493347_g5e5r
biz_atlas_1789777271310_obr7m,الهرم المريوطيه عروبه,نشاط تجاري وخدمي,01000000000,29.97163,31.1137544,"https://www.google.com/maps?q=29.97163,31.1137544",نسخة مكررة (نفس Google Place ID) - تم الإبقاء على الأصلية [biz_atlas_1789777493347_g5e5r],biz_atlas_1789777493347_g5e5r
biz_atlas_1789776110472_o8shm,الهرم المريوطيه عروبه,نشاط تجاري وخدمي,01000000000,29.97163,31.1137544,"https://www.google.com/maps?q=29.97163,31.1137544",نسخة مكررة (نفس Google Place ID) - تم الإبقاء على الأصلية [biz_atlas_1789777493347_g5e5r],biz_atlas_1789777493347_g5e5r
biz_atlas_1789777460205_z0imk,X-Fitness GYM,أندية وجيم وصالات رياضية,01000000000,29.9717674,31.108426,"https://www.google.com/maps?q=29.9717674,31.108426",نسخة مكررة (نفس Google Place ID) - تم الإبقاء على الأصلية [biz_atlas_1789777493256_prmeq],biz_atlas_1789777493256_prmeq
biz_atlas_1789774832908_z0a1h,X-Fitness GYM,أندية وجيم وصالات رياضية,01000000000,29.9717674,31.108426,"https://www.google.com/maps?q=29.9717674,31.108426",نسخة مكررة (نفس Google Place ID) - تم الإبقاء على الأصلية [biz_atlas_1789777493256_prmeq],biz_atlas_1789777493256_prmeq
biz_atlas_1789777461634_d7lev,Animal Health Care company,عيادات ومراكز طبية وصيدليات,01000000000,29.9735924,31.1091822,"https://www.google.com/maps?q=29.9735924,31.1091822",نسخة مكررة (نفس Google Place ID) - تم الإبقاء على الأصلية [biz_atlas_1789777493155_3smim],biz_atlas_1789777493155_3smim
biz_atlas_1789777424939_9rooc,Animal Health Care company,عيادات ومراكز طبية وصيدليات,01000000000,29.9735924,31.1091822,"https://www.google.com/maps?q=29.9735924,31.1091822",نسخة مكررة (نفس Google Place ID) - تم الإبقاء على الأصلية [biz_atlas_1789777493155_3smim],biz_atlas_1789777493155_3smim
biz_atlas_1789777365280_dctej,Animal Health Care company,عيادات ومراكز طبية وصيدليات,01000000000,29.9735924,31.1091822,"https://www.google.com/maps?q=29.9735924,31.1091822",نسخة مكررة (نفس Google Place ID) - تم الإبقاء على الأصلية [biz_atlas_1789777493155_3smim],biz_atlas_1789777493155_3smim
biz_atlas_1789777270652_i4vj8,Animal Health Care company,عيادات ومراكز طبية وصيدليات,01000000000,29.9735924,31.1091822,"https://www.google.com/maps?q=29.9735924,31.1091822",نسخة مكررة (نفس Google Place ID) - تم الإبقاء على الأصلية [biz_atlas_1789777493155_3smim],biz_atlas_1789777493155_3smim
biz_atlas_1789777228162_iu87z,Animal Health Care company,عيادات ومراكز طبية وصيدليات,01000000000,29.9735924,31.1091822,"https://www.google.com/maps?q=29.9735924,31.1091822",نسخة مكررة (نفس Google Place ID) - تم الإبقاء على الأصلية [biz_atlas_1789777493155_3smim],biz_atlas_1789777493155_3smim
biz_atlas_1789776109762_v4q4s,Animal Health Care company,عيادات ومراكز طبية وصيدليات,01000000000,29.9735924,31.1091822,"https://www.google.com/maps?q=29.9735924,31.1091822",نسخة مكررة (نفس Google Place ID) - تم الإبقاء على الأصلية [biz_atlas_1789777493155_3smim],biz_atlas_1789777493155_3smim
biz_atlas_1789776075561_you46,Animal Health Care company,عيادات ومراكز طبية وصيدليات,01000000000,29.9735924,31.1091822,"https://www.google.com/maps?q=29.9735924,31.1091822",نسخة مكررة (نفس Google Place ID) - تم الإبقاء على الأصلية [biz_atlas_1789777493155_3smim],biz_atlas_1789777493155_3smim
biz_atlas_1789776055140_eim0q,Respect Egypt Tours,نشاط تجاري وخدمي,012 48849992,29.9786631,31.1163371,"https://www.google.com/maps?q=29.9786631,31.1163371",نسخة مكررة (نفس Google Place ID) - تم الإبقاء على الأصلية [biz_atlas_1789777467068_srddg],biz_atlas_1789777467068_srddg
biz_atlas_1789775937880_21h9c,أكاديمية ياسر يحيى – تعليم قيادة السيارات (الهرم),مدارس وحضانات ومراكز تعليمية,012 01777765,29.9864264,31.1210735,"https://www.google.com/maps?q=29.9864264,31.1210735",نسخة مكررة (نفس Google Place ID) - تم الإبقاء على الأصلية [biz_atlas_1789777466128_pylt0],biz_atlas_1789777466128_pylt0
biz_atlas_1789770813096_0e021,"Ladurée Khufu, Giza Pyramids",متجر الكعك,012 04799912,29.9783725,31.1247271,"https://www.google.com/maps?q=29.9783725,31.1247271",نسخة مكررة (نفس Google Place ID) - تم الإبقاء على الأصلية [biz_atlas_1789777466011_ope78],biz_atlas_1789777466011_ope78
biz_atlas_1789777430615_q8pxj,حدائق الاهرام,نشاط تجاري وخدمي,01000000000,29.9817614,31.1052223,"https://www.google.com/maps?q=29.9817614,31.1052223",نسخة مكررة (نفس Google Place ID) - تم الإبقاء على الأصلية [biz_atlas_1789777463897_jaxhj],biz_atlas_1789777463897_jaxhj
biz_atlas_1789777369388_7wf6g,حدائق الاهرام,نشاط تجاري وخدمي,01000000000,29.9817614,31.1052223,"https://www.google.com/maps?q=29.9817614,31.1052223",نسخة مكررة (نفس Google Place ID) - تم الإبقاء على الأصلية [biz_atlas_1789777463897_jaxhj],biz_atlas_1789777463897_jaxhj
biz_atlas_1789777273189_26fuu,حدائق الاهرام,نشاط تجاري وخدمي,01000000000,29.9817614,31.1052223,"https://www.google.com/maps?q=29.9817614,31.1052223",نسخة مكررة (نفس Google Place ID) - تم الإبقاء على الأصلية [biz_atlas_1789777463897_jaxhj],biz_atlas_1789777463897_jaxhj
biz_atlas_1789776111254_y37eg,حدائق الاهرام,نشاط تجاري وخدمي,01000000000,29.9817614,31.1052223,"https://www.google.com/maps?q=29.9817614,31.1052223",نسخة مكررة (نفس Google Place ID) - تم الإبقاء على الأصلية [biz_atlas_1789777463897_jaxhj],biz_atlas_1789777463897_jaxhj
biz_atlas_1789777428110_xzyli,مركز عباد الرحمن الطبي الهضبة,عيادات ومراكز طبية وصيدليات,01000000000,29.9787176,31.1005214,"https://www.google.com/maps?q=29.9787176,31.1005214",نسخة مكررة (نفس Google Place ID) - تم الإبقاء على الأصلية [biz_atlas_1789777463662_86kkr],biz_atlas_1789777463662_86kkr
biz_atlas_1789777422473_zuz4b,We _ فرع حدائق الاهرام,نشاط تجاري وخدمي,01000000000,29.9808689,31.1031254,"https://www.google.com/maps?q=29.9808689,31.1031254",نسخة مكررة (نفس Google Place ID) - تم الإبقاء على الأصلية [biz_atlas_1789777463557_nhv65],biz_atlas_1789777463557_nhv65
biz_atlas_1789777369284_v1jaz,We _ فرع حدائق الاهرام,نشاط تجاري وخدمي,01000000000,29.9808689,31.1031254,"https://www.google.com/maps?q=29.9808689,31.1031254",نسخة مكررة (نفس Google Place ID) - تم الإبقاء على الأصلية [biz_atlas_1789777463557_nhv65],biz_atlas_1789777463557_nhv65
biz_atlas_1789777273110_eq42u,We _ فرع حدائق الاهرام,نشاط تجاري وخدمي,01000000000,29.9808689,31.1031254,"https://www.google.com/maps?q=29.9808689,31.1031254",نسخة مكررة (نفس Google Place ID) - تم الإبقاء على الأصلية [biz_atlas_1789777463557_nhv65],biz_atlas_1789777463557_nhv65
biz_atlas_1789776111155_ivaaj,We _ فرع حدائق الاهرام,نشاط تجاري وخدمي,01000000000,29.9808689,31.1031254,"https://www.google.com/maps?q=29.9808689,31.1031254",نسخة مكررة (نفس Google Place ID) - تم الإبقاء على الأصلية [biz_atlas_1789777463557_nhv65],biz_atlas_1789777463557_nhv65
biz_atlas_1789777364711_vtsee,Rustic Cafe,كافيهات ومقاهي ومشروبات,01000000000,29.972966,31.1075822,"https://www.google.com/maps?q=29.972966,31.1075822",نسخة مكررة (نفس Google Place ID) - تم الإبقاء على الأصلية [biz_atlas_1789777461535_tqdmn],biz_atlas_1789777461535_tqdmn
biz_atlas_1789777270469_gr1w8,Rustic Cafe,كافيهات ومقاهي ومشروبات,01000000000,29.972966,31.1075822,"https://www.google.com/maps?q=29.972966,31.1075822",نسخة مكررة (نفس Google Place ID) - تم الإبقاء على الأصلية [biz_atlas_1789777461535_tqdmn],biz_atlas_1789777461535_tqdmn
biz_atlas_1789776109382_mpjnc,Rustic Cafe,كافيهات ومقاهي ومشروبات,01000000000,29.972966,31.1075822,"https://www.google.com/maps?q=29.972966,31.1075822",نسخة مكررة (نفس Google Place ID) - تم الإبقاء على الأصلية [biz_atlas_1789777461535_tqdmn],biz_atlas_1789777461535_tqdmn
biz_atlas_1789770812840_yaji9,مطعم خوفو,مطعم,010 80058888,29.9783323,31.1242706,"https://www.google.com/maps?q=29.9783323,31.1242706",نسخة مكررة (نفس Google Place ID) - تم الإبقاء على الأصلية [biz_atlas_1789777460727_6x6ux],biz_atlas_1789777460727_6x6ux
biz_atlas_1789776074915_yp83f,دكان البنا,نشاط تجاري وخدمي,015 50155150,29.9760759,31.1056897,"https://www.google.com/maps?q=29.9760759,31.1056897",نسخة مكررة (نفس Google Place ID) - تم الإبقاء على الأصلية [biz_atlas_1789777459455_8ytv7],biz_atlas_1789777459455_8ytv7
biz_gplaces_1789531521278_r94gu,مقهي الف ليلة وليلة ٢,كافيه / مقهى وكوفي شوب,011 48306228,29.9683207,31.1018352,"https://www.google.com/maps?q=29.9683207,31.1018352",نسخة مكررة (نفس Google Place ID) - تم الإبقاء على الأصلية [biz_atlas_1789777459299_v62zp],biz_atlas_1789777459299_v62zp
biz_atlas_1789777421999_tqn4e,بنك مصر,نشاط تجاري وخدمي,01000000000,29.9689999,31.1002984,"https://www.google.com/maps?q=29.9689999,31.1002984",نسخة مكررة (نفس Google Place ID) - تم الإبقاء على الأصلية [biz_atlas_1789777459200_mv1vi],biz_atlas_1789777459200_mv1vi
biz_gplaces_1789531458279_i7xbl,حدائق الشام,مطعم / مأكولات ومشويات,011 11603234,29.964413,31.1076874,"https://www.google.com/maps?q=29.964413,31.1076874",نسخة مكررة (نفس Google Place ID) - تم الإبقاء على الأصلية [biz_atlas_1789777459092_sm7xw],biz_atlas_1789777459092_sm7xw
biz_atlas_1789777424088_r6ox2,مركز زوار الأهرامات,نشاط تجاري وخدمي,01000000000,29.9655453,31.1133879,"https://www.google.com/maps?q=29.9655453,31.1133879",نسخة مكررة (نفس Google Place ID) - تم الإبقاء على الأصلية [biz_atlas_1789777458951_bbjb5],biz_atlas_1789777458951_bbjb5
biz_gplaces_1789532271862_hhjwe,El Gendy Shoes & Bags,محل أحذية وشنط وجلود,010 00008350,29.9801416,31.1097755,"https://www.google.com/maps?q=29.9801416,31.1097755",نسخة مكررة (نفس Google Place ID) - تم الإبقاء على الأصلية [biz_atlas_1789777432742_jgi2w],biz_atlas_1789777432742_jgi2w
biz_atlas_1789775934929_u67cd,مصر اللغات,مدارس وحضانات ومراكز تعليمية,02 33760170,29.9806058,31.119622,"https://www.google.com/maps?q=29.9806058,31.119622",نسخة مكررة (نفس Google Place ID) - تم الإبقاء على الأصلية [biz_atlas_1789777430482_867k7],biz_atlas_1789777430482_867k7
biz_atlas_1789776111344_o4f2d,البيت الرياضي فرع حدائق الأهرام,سوبرماركت ومحلات تجارة وتجزئة,011 52045986,29.9807308,31.1033139,"https://www.google.com/maps?q=29.9807308,31.1033139",نسخة مكررة (نفس Google Place ID) - تم الإبقاء على الأصلية [biz_atlas_1789777428655_02w9u],biz_atlas_1789777428655_02w9u
biz_gplaces_1789206187345_khqmq,أسماك المرشدى,مطعم / مأكولات ومشويات,010 17888807,29.9837394,31.0983987,"https://www.google.com/maps?q=29.9837394,31.0983987",نسخة مكررة (نفس Google Place ID) - تم الإبقاء على الأصلية [biz_atlas_1789777427974_d6ulz],biz_atlas_1789777427974_d6ulz
biz_gplaces_1789206235511_3fbln,جملة ماركت,سوبر ماركت / هايبر وبقالة,03 4702803,29.9827196,31.0996855,"https://www.google.com/maps?q=29.9827196,31.0996855",نسخة مكررة (نفس Google Place ID) - تم الإبقاء على الأصلية [biz_atlas_1789777427407_be2ff],biz_atlas_1789777427407_be2ff
biz_atlas_1789776111434_iuea7,صيدلية حازم - Hazem pharmacy,عيادات ومراكز طبية وصيدليات,012 22477007,29.9812682,31.1054226,"https://www.google.com/maps?q=29.9812682,31.1054226",نسخة مكررة (نفس Google Place ID) - تم الإبقاء على الأصلية [biz_atlas_1789777424793_luet4],biz_atlas_1789777424793_luet4
biz_gplaces_1789206197652_ut9ys,مطعم وكافيه هوانا,مطعم / مأكولات ومشويات,010 66505665,29.9694633,31.1024,"https://www.google.com/maps?q=29.9694633,31.1024",نسخة مكررة (نفس Google Place ID) - تم الإبقاء على الأصلية [biz_atlas_1789777424598_8glma],biz_atlas_1789777424598_8glma
biz_gplaces_1789196383765_gw6ci,كافية و بلايستيشن الخان,كافيه / مقهى وكوفي شوب,011 56441140,29.9790777,31.0991202,"https://www.google.com/maps?q=29.9790777,31.0991202",نسخة مكررة (نفس Google Place ID) - تم الإبقاء على الأصلية [biz_atlas_1789777422624_d1jrs],biz_atlas_1789777422624_d1jrs
biz_gplaces_1789206235374_7h63g,اكسبشن ماركت,سوبر ماركت / هايبر وبقالة,010 28055600,29.9803924,31.0969352,"https://www.google.com/maps?q=29.9803924,31.0969352",نسخة مكررة (نفس Google Place ID) - تم الإبقاء على الأصلية [biz_atlas_1789777422313_erlfh],biz_atlas_1789777422313_erlfh
biz_atlas_1789776110974_jxun5,Buffalo Burger - Hadayek El Ahram,مطاعم ومأكولات ومخابز,0219914,29.9812832,31.1058247,"https://www.google.com/maps?q=29.9812832,31.1058247",نسخة مكررة (نفس Google Place ID) - تم الإبقاء على الأصلية [biz_atlas_1789777421819_ft291],biz_atlas_1789777421819_ft291
biz_gplaces_1789206256929_umcot,Sparta Gym,جيم وصالة لياقة بدنية (Fitness),010 95155111,29.9812411,31.1009511,"https://www.google.com/maps?q=29.9812411,31.1009511",نسخة مكررة (نفس Google Place ID) - تم الإبقاء على الأصلية [biz_atlas_1789777421736_p7jo2],biz_atlas_1789777421736_p7jo2
biz_gplaces_1789057620841_ieexa,Ahram Mall,نشاط تجاري / خدمي آخر,02 33921907,29.969952,31.0996938,"https://www.google.com/maps?q=29.969952,31.0996938",نسخة مكررة (نفس Google Place ID) - تم الإبقاء على الأصلية [biz_atlas_1789777421355_wt7k2],biz_atlas_1789777421355_wt7k2
biz_atlas_1789777276434_wbd4g,صالون رزق صبحي,كافيهات ومقاهي ومشروبات,01000000000,29.9830078,31.1129621,"https://www.google.com/maps?q=29.9830078,31.1129621",نسخة مكررة (نفس Google Place ID) - تم الإبقاء على الأصلية [biz_atlas_1789777372318_amb09],biz_atlas_1789777372318_amb09
biz_atlas_1789776055835_ktzg1,أكاديمية كابتن محمد مبروك لتعليم القياده,مدارس وحضانات ومراكز تعليمية,010 33636869,29.9829042,31.1134771,"https://www.google.com/maps?q=29.9829042,31.1134771",نسخة مكررة (نفس Google Place ID) - تم الإبقاء على الأصلية [biz_atlas_1789777372151_mxz7d],biz_atlas_1789777372151_mxz7d
biz_atlas_1789777275977_13ei6,ماركت ومكتبة نفرتيتي لخدمات ومستلزمات التجنيد,سوبرماركت ومحلات تجارة وتجزئة,01000000000,29.9824105,31.1142256,"https://www.google.com/maps?q=29.9824105,31.1142256",نسخة مكررة (نفس Google Place ID) - تم الإبقاء على الأصلية [biz_atlas_1789777371990_3txp9],biz_atlas_1789777371990_3txp9
biz_atlas_1789777275486_g1wuq,Arab African International Bank ATM,نشاط تجاري وخدمي,01000000000,29.9812577,31.1092569,"https://www.google.com/maps?q=29.9812577,31.1092569",نسخة مكررة (نفس Google Place ID) - تم الإبقاء على الأصلية [biz_atlas_1789777371427_adbd3],biz_atlas_1789777371427_adbd3
biz_atlas_1789777196620_4nzx8,Arab African International Bank ATM,نشاط تجاري وخدمي,01000000000,29.9812577,31.1092569,"https://www.google.com/maps?q=29.9812577,31.1092569",نسخة مكررة (نفس Google Place ID) - تم الإبقاء على الأصلية [biz_atlas_1789777371427_adbd3],biz_atlas_1789777371427_adbd3
biz_atlas_1789776112395_9j18l,Arab African International Bank ATM,نشاط تجاري وخدمي,01000000000,29.9812577,31.1092569,"https://www.google.com/maps?q=29.9812577,31.1092569",نسخة مكررة (نفس Google Place ID) - تم الإبقاء على الأصلية [biz_atlas_1789777371427_adbd3],biz_atlas_1789777371427_adbd3
biz_atlas_1789776054387_hescp,Arab African International Bank ATM,نشاط تجاري وخدمي,01000000000,29.9812577,31.1092569,"https://www.google.com/maps?q=29.9812577,31.1092569",نسخة مكررة (نفس Google Place ID) - تم الإبقاء على الأصلية [biz_atlas_1789777371427_adbd3],biz_atlas_1789777371427_adbd3
biz_atlas_1789776055520_6j8mx,اكسبشن ماركت,سوبرماركت ومحلات تجارة وتجزئة,010 63771888,29.9839134,31.1119904,"https://www.google.com/maps?q=29.9839134,31.1119904",نسخة مكررة (نفس Google Place ID) - تم الإبقاء على الأصلية [biz_atlas_1789777371266_hj8gv],biz_atlas_1789777371266_hj8gv
biz_atlas_1789777275166_80d0x,مدرسة الأهرام الثانوية للتأسيس العسكري,مدارس وحضانات ومراكز تعليمية,01000000000,29.9826977,31.1165465,"https://www.google.com/maps?q=29.9826977,31.1165465",نسخة مكررة (نفس Google Place ID) - تم الإبقاء على الأصلية [biz_atlas_1789777371147_0etwb],biz_atlas_1789777371147_0etwb
biz_atlas_1789777233780_t7vzl,مدرسة الأهرام الثانوية للتأسيس العسكري,مدارس وحضانات ومراكز تعليمية,01000000000,29.9826977,31.1165465,"https://www.google.com/maps?q=29.9826977,31.1165465",نسخة مكررة (نفس Google Place ID) - تم الإبقاء على الأصلية [biz_atlas_1789777371147_0etwb],biz_atlas_1789777371147_0etwb
biz_atlas_1789777152444_29lrh,مدرسة الأهرام الثانوية للتأسيس العسكري,مدارس وحضانات ومراكز تعليمية,01000000000,29.9826977,31.1165465,"https://www.google.com/maps?q=29.9826977,31.1165465",نسخة مكررة (نفس Google Place ID) - تم الإبقاء على الأصلية [biz_atlas_1789777371147_0etwb],biz_atlas_1789777371147_0etwb
biz_atlas_1789777113493_adluv,مدرسة الأهرام الثانوية للتأسيس العسكري,مدارس وحضانات ومراكز تعليمية,01000000000,29.9826977,31.1165465,"https://www.google.com/maps?q=29.9826977,31.1165465",نسخة مكررة (نفس Google Place ID) - تم الإبقاء على الأصلية [biz_atlas_1789777371147_0etwb],biz_atlas_1789777371147_0etwb
biz_atlas_1789777072252_eyk28,مدرسة الأهرام الثانوية للتأسيس العسكري,مدارس وحضانات ومراكز تعليمية,01000000000,29.9826977,31.1165465,"https://www.google.com/maps?q=29.9826977,31.1165465",نسخة مكررة (نفس Google Place ID) - تم الإبقاء على الأصلية [biz_atlas_1789777371147_0etwb],biz_atlas_1789777371147_0etwb
biz_atlas_1789777024034_kt1hm,مدرسة الأهرام الثانوية للتأسيس العسكري,مدارس وحضانات ومراكز تعليمية,01000000000,29.9826977,31.1165465,"https://www.google.com/maps?q=29.9826977,31.1165465",نسخة مكررة (نفس Google Place ID) - تم الإبقاء على الأصلية [biz_atlas_1789777371147_0etwb],biz_atlas_1789777371147_0etwb
biz_atlas_1789776112259_0i8a7,مدرسة الأهرام الثانوية للتأسيس العسكري,مدارس وحضانات ومراكز تعليمية,01000000000,29.9826977,31.1165465,"https://www.google.com/maps?q=29.9826977,31.1165465",نسخة مكررة (نفس Google Place ID) - تم الإبقاء على الأصلية [biz_atlas_1789777371147_0etwb],biz_atlas_1789777371147_0etwb
biz_atlas_1789776078266_fggbr,مدرسة الأهرام الثانوية للتأسيس العسكري,مدارس وحضانات ومراكز تعليمية,01000000000,29.9826977,31.1165465,"https://www.google.com/maps?q=29.9826977,31.1165465",نسخة مكررة (نفس Google Place ID) - تم الإبقاء على الأصلية [biz_atlas_1789777371147_0etwb],biz_atlas_1789777371147_0etwb
biz_atlas_1789775966869_5cqmh,مدرسة الأهرام الثانوية للتأسيس العسكري,مدارس وحضانات ومراكز تعليمية,01000000000,29.9826977,31.1165465,"https://www.google.com/maps?q=29.9826977,31.1165465",نسخة مكررة (نفس Google Place ID) - تم الإبقاء على الأصلية [biz_atlas_1789777371147_0etwb],biz_atlas_1789777371147_0etwb
biz_atlas_1789775935371_tmm4q,مدرسة الأهرام الثانوية للتأسيس العسكري,مدارس وحضانات ومراكز تعليمية,01000000000,29.9826977,31.1165465,"https://www.google.com/maps?q=29.9826977,31.1165465",نسخة مكررة (نفس Google Place ID) - تم الإبقاء على الأصلية [biz_atlas_1789777371147_0etwb],biz_atlas_1789777371147_0etwb
biz_atlas_1789777273586_t54zj,Roma Pizza 2 Go - Hadayek Alahram,مطاعم ومأكولات ومخابز,01000000000,29.9813505,31.1058163,"https://www.google.com/maps?q=29.9813505,31.1058163",نسخة مكررة (نفس Google Place ID) - تم الإبقاء على الأصلية [biz_atlas_1789777370215_s02lh],biz_atlas_1789777370215_s02lh
biz_atlas_1789777273510_3eys0,In Time Clinic,عيادات ومراكز طبية وصيدليات,01000000000,29.981464,31.1057587,"https://www.google.com/maps?q=29.981464,31.1057587",نسخة مكررة (نفس Google Place ID) - تم الإبقاء على الأصلية [biz_atlas_1789777370095_uy1z7],biz_atlas_1789777370095_uy1z7
biz_atlas_1789777273429_44it4,Depresso cafe,كافيهات ومقاهي ومشروبات,01000000000,29.9807841,31.106074,"https://www.google.com/maps?q=29.9807841,31.106074",نسخة مكررة (نفس Google Place ID) - تم الإبقاء على الأصلية [biz_atlas_1789777369978_qwsv8],biz_atlas_1789777369978_qwsv8
biz_atlas_1789777228267_8q3je,Depresso cafe,كافيهات ومقاهي ومشروبات,01000000000,29.9807841,31.106074,"https://www.google.com/maps?q=29.9807841,31.106074",نسخة مكررة (نفس Google Place ID) - تم الإبقاء على الأصلية [biz_atlas_1789777369978_qwsv8],biz_atlas_1789777369978_qwsv8
biz_atlas_1789776111936_v6izc,Depresso cafe,كافيهات ومقاهي ومشروبات,01000000000,29.9807841,31.106074,"https://www.google.com/maps?q=29.9807841,31.106074",نسخة مكررة (نفس Google Place ID) - تم الإبقاء على الأصلية [biz_atlas_1789777369978_qwsv8],biz_atlas_1789777369978_qwsv8
biz_atlas_1789776075662_hg034,Depresso cafe,كافيهات ومقاهي ومشروبات,01000000000,29.9807841,31.106074,"https://www.google.com/maps?q=29.9807841,31.106074",نسخة مكررة (نفس Google Place ID) - تم الإبقاء على الأصلية [biz_atlas_1789777369978_qwsv8],biz_atlas_1789777369978_qwsv8
biz_atlas_1789776077233_rrhtl,جراند ماركت,سوبرماركت ومحلات تجارة وتجزئة,010 90184922,29.9845644,31.1054235,"https://www.google.com/maps?q=29.9845644,31.1054235",نسخة مكررة (نفس Google Place ID) - تم الإبقاء على الأصلية [biz_atlas_1789777369836_kc1yj],biz_atlas_1789777369836_kc1yj
biz_atlas_1789776077145_y8htu,Cotton Hub,سوبرماركت ومحلات تجارة وتجزئة,010 50536588,29.9831167,31.1086071,"https://www.google.com/maps?q=29.9831167,31.1086071",نسخة مكررة (نفس Google Place ID) - تم الإبقاء على الأصلية [biz_atlas_1789777369730_dqbhk],biz_atlas_1789777369730_dqbhk
biz_atlas_1789776077063_3xstj,مركز تبارك للأطفال,عيادات ومراكز طبية وصيدليات,010 05572115,29.9848098,31.106787,"https://www.google.com/maps?q=29.9848098,31.106787",نسخة مكررة (نفس Google Place ID) - تم الإبقاء على الأصلية [biz_atlas_1789777369621_ms5yg],biz_atlas_1789777369621_ms5yg
biz_atlas_1789776075090_yzkqb,La Pomme pastries حلواني لابوم,مطاعم ومأكولات ومخابز,011 42444165,29.9807845,31.1064942,"https://www.google.com/maps?q=29.9807845,31.1064942",نسخة مكررة (نفس Google Place ID) - تم الإبقاء على الأصلية [biz_atlas_1789777369502_8esr7],biz_atlas_1789777369502_8esr7
biz_atlas_1789777272267_4euf9,SESAME HOUSE,مدارس وحضانات ومراكز تعليمية,01000000000,29.9759306,31.110477,"https://www.google.com/maps?q=29.9759306,31.110477",نسخة مكررة (نفس Google Place ID) - تم الإبقاء على الأصلية [biz_atlas_1789777368575_ht842],biz_atlas_1789777368575_ht842
biz_atlas_1789777271600_aqfw6,Lycée Militaire Haram,مدارس وحضانات ومراكز تعليمية,01000000000,29.9742856,31.1127128,"https://www.google.com/maps?q=29.9742856,31.1127128",نسخة مكررة (نفس Google Place ID) - تم الإبقاء على الأصلية [biz_atlas_1789777367987_mvteo],biz_atlas_1789777367987_mvteo
biz_atlas_1789777271512_xcadu,المركز الدولي للعلاج سم النحل,عيادات ومراكز طبية وصيدليات,01000000000,29.9774879,31.1120271,"https://www.google.com/maps?q=29.9774879,31.1120271",نسخة مكررة (نفس Google Place ID) - تم الإبقاء على الأصلية [biz_atlas_1789777367849_v0ej5],biz_atlas_1789777367849_v0ej5
biz_atlas_1789777230243_blrd5,المركز الدولي للعلاج سم النحل,عيادات ومراكز طبية وصيدليات,01000000000,29.9774879,31.1120271,"https://www.google.com/maps?q=29.9774879,31.1120271",نسخة مكررة (نفس Google Place ID) - تم الإبقاء على الأصلية [biz_atlas_1789777367849_v0ej5],biz_atlas_1789777367849_v0ej5
biz_atlas_1789776110776_a7gi5,المركز الدولي للعلاج سم النحل,عيادات ومراكز طبية وصيدليات,01000000000,29.9774879,31.1120271,"https://www.google.com/maps?q=29.9774879,31.1120271",نسخة مكررة (نفس Google Place ID) - تم الإبقاء على الأصلية [biz_atlas_1789777367849_v0ej5],biz_atlas_1789777367849_v0ej5
biz_atlas_1789776076543_dp9fo,المركز الدولي للعلاج سم النحل,عيادات ومراكز طبية وصيدليات,01000000000,29.9774879,31.1120271,"https://www.google.com/maps?q=29.9774879,31.1120271",نسخة مكررة (نفس Google Place ID) - تم الإبقاء على الأصلية [biz_atlas_1789777367849_v0ej5],biz_atlas_1789777367849_v0ej5
biz_atlas_1789777271440_7exa7,مركز حدائق الأهرام للعلاج الطبيعي,عيادات ومراكز طبية وصيدليات,01000000000,29.9774848,31.11174,"https://www.google.com/maps?q=29.9774848,31.11174",نسخة مكررة (نفس Google Place ID) - تم الإبقاء على الأصلية [biz_atlas_1789777367748_u4yfc],biz_atlas_1789777367748_u4yfc
biz_atlas_1789777230339_dvqwe,مركز حدائق الأهرام للعلاج الطبيعي,عيادات ومراكز طبية وصيدليات,01000000000,29.9774848,31.11174,"https://www.google.com/maps?q=29.9774848,31.11174",نسخة مكررة (نفس Google Place ID) - تم الإبقاء على الأصلية [biz_atlas_1789777367748_u4yfc],biz_atlas_1789777367748_u4yfc
biz_atlas_1789776110687_nanzq,مركز حدائق الأهرام للعلاج الطبيعي,عيادات ومراكز طبية وصيدليات,01000000000,29.9774848,31.11174,"https://www.google.com/maps?q=29.9774848,31.11174",نسخة مكررة (نفس Google Place ID) - تم الإبقاء على الأصلية [biz_atlas_1789777367748_u4yfc],biz_atlas_1789777367748_u4yfc
biz_atlas_1789776076710_8pdm1,مركز حدائق الأهرام للعلاج الطبيعي,عيادات ومراكز طبية وصيدليات,01000000000,29.9774848,31.11174,"https://www.google.com/maps?q=29.9774848,31.11174",نسخة مكررة (نفس Google Place ID) - تم الإبقاء على الأصلية [biz_atlas_1789777367748_u4yfc],biz_atlas_1789777367748_u4yfc
biz_gplaces_1789055625202_sq2pv,مركز حدائق الأهرام للعلاج الطبيعي,عيادة عظام ومفاصل / علاج طبيعي,01000000000,29.9774848,31.11174,"https://www.google.com/maps?q=29.9774848,31.11174",نسخة مكررة (نفس Google Place ID) - تم الإبقاء على الأصلية [biz_atlas_1789777367748_u4yfc],biz_atlas_1789777367748_u4yfc
biz_atlas_1789776076364_4ks15,عيادة الاستشاري الدكتور أمجد هزاع,عيادات ومراكز طبية وصيدليات,010 91115234,29.9776915,31.1120998,"https://www.google.com/maps?q=29.9776915,31.1120998",نسخة مكررة (نفس Google Place ID) - تم الإبقاء على الأصلية [biz_atlas_1789777367641_k0z10],biz_atlas_1789777367641_k0z10
biz_atlas_1789776076450_iwwhx,Shamy Number One,مطاعم ومأكولات ومخابز,011 25944788,29.9777891,31.1117333,"https://www.google.com/maps?q=29.9777891,31.1117333",نسخة مكررة (نفس Google Place ID) - تم الإبقاء على الأصلية [biz_atlas_1789777367540_7pnvk],biz_atlas_1789777367540_7pnvk
biz_atlas_1789776076276_22f8a,Mira store حدائق الاهرام,سوبرماركت ومحلات تجارة وتجزئة,010 15318773,29.9775996,31.1119191,"https://www.google.com/maps?q=29.9775996,31.1119191",نسخة مكررة (نفس Google Place ID) - تم الإبقاء على الأصلية [biz_atlas_1789777367439_qm6tk],biz_atlas_1789777367439_qm6tk
biz_atlas_1789776076189_9284r,عيادات تاون كلينك. town clinic,عيادات ومراكز طبية وصيدليات,010 02375800,29.9774815,31.1118161,"https://www.google.com/maps?q=29.9774815,31.1118161",نسخة مكررة (نفس Google Place ID) - تم الإبقاء على الأصلية [biz_atlas_1789777367332_c68bb],biz_atlas_1789777367332_c68bb
biz_atlas_1789776110156_cuduw,مطعم عمر الرفاعي الكبابجي,مطاعم ومأكولات ومخابز,02 33907588,29.9760692,31.1083051,"https://www.google.com/maps?q=29.9760692,31.1083051",نسخة مكررة (نفس Google Place ID) - تم الإبقاء على الأصلية [biz_atlas_1789777365841_o558q],biz_atlas_1789777365841_o558q
biz_atlas_1789776110044_lyfch,صيدلية شريف مفتاح,عيادات ومراكز طبية وصيدليات,02 33800004,29.9714913,31.107797,"https://www.google.com/maps?q=29.9714913,31.107797",نسخة مكررة (نفس Google Place ID) - تم الإبقاء على الأصلية [biz_atlas_1789777365755_aph0u],biz_atlas_1789777365755_aph0u
biz_atlas_1789776109954_i3dih,Al Mostakbal Modern Schools - مدارس المستقبل الحديثة,مدارس وحضانات ومراكز تعليمية,010 70009006,29.9773105,31.1055395,"https://www.google.com/maps?q=29.9773105,31.1055395",نسخة مكررة (نفس Google Place ID) - تم الإبقاء على الأصلية [biz_atlas_1789777365647_aiin0],biz_atlas_1789777365647_aiin0
biz_atlas_1789776075742_tw27g,Kenzy Clinic,عيادات ومراكز طبية وصيدليات,010 02020238,29.9750347,31.1069404,"https://www.google.com/maps?q=29.9750347,31.1069404",نسخة مكررة (نفس Google Place ID) - تم الإبقاء على الأصلية [biz_atlas_1789777365554_9khrt],biz_atlas_1789777365554_9khrt
biz_atlas_1789776075479_rg7st,كشري شطة ودقة,مطاعم ومأكولات ومخابز,011 11726980,29.9750103,31.1068081,"https://www.google.com/maps?q=29.9750103,31.1068081",نسخة مكررة (نفس Google Place ID) - تم الإبقاء على الأصلية [biz_atlas_1789777365459_iqawy],biz_atlas_1789777365459_iqawy
biz_atlas_1789777270732_e9m7f,بنك مصر,نشاط تجاري وخدمي,01000000000,29.9737256,31.107093,"https://www.google.com/maps?q=29.9737256,31.107093",نسخة مكررة (نفس Google Place ID) - تم الإبقاء على الأصلية [biz_atlas_1789777365370_grkb0],biz_atlas_1789777365370_grkb0
biz_atlas_1789776109850_0x28z,بنك مصر,نشاط تجاري وخدمي,01000000000,29.9737256,31.107093,"https://www.google.com/maps?q=29.9737256,31.107093",نسخة مكررة (نفس Google Place ID) - تم الإبقاء على الأصلية [biz_atlas_1789777365370_grkb0],biz_atlas_1789777365370_grkb0
biz_atlas_1789776075305_mgkfl,توفير ماركت حدائق الاهرام,سوبرماركت ومحلات تجارة وتجزئة,010 20111898,29.975706,31.1074387,"https://www.google.com/maps?q=29.975706,31.1074387",نسخة مكررة (نفس Google Place ID) - تم الإبقاء على الأصلية [biz_atlas_1789777365183_f21pf],biz_atlas_1789777365183_f21pf
biz_gplaces_1789206235662_rvmtx,توفير ماركت حدائق الاهرام,سوبر ماركت / هايبر وبقالة,010 20111898,29.975706,31.1074387,"https://www.google.com/maps?q=29.975706,31.1074387",نسخة مكررة (نفس Google Place ID) - تم الإبقاء على الأصلية [biz_atlas_1789777365183_f21pf],biz_atlas_1789777365183_f21pf
biz_atlas_1789776075218_u8enh,خبزينو,مطاعم ومأكولات ومخابز,011 50838863,29.975105,31.1070524,"https://www.google.com/maps?q=29.975105,31.1070524",نسخة مكررة (نفس Google Place ID) - تم الإبقاء على الأصلية [biz_atlas_1789777365006_odcf8],biz_atlas_1789777365006_odcf8
biz_atlas_1789776109566_vog72,Bel Honey Cake,مطاعم ومأكولات ومخابز,010 24106161,29.9735204,31.1066766,"https://www.google.com/maps?q=29.9735204,31.1066766",نسخة مكررة (نفس Google Place ID) - تم الإبقاء على الأصلية [biz_atlas_1789777364914_kumal],biz_atlas_1789777364914_kumal
biz_atlas_1789776109480_f5gy6,Space Store,سوبرماركت ومحلات تجارة وتجزئة,011 29100059,29.9711553,31.106905,"https://www.google.com/maps?q=29.9711553,31.106905",نسخة مكررة (نفس Google Place ID) - تم الإبقاء على الأصلية [biz_atlas_1789777364815_r4c2d],biz_atlas_1789777364815_r4c2d
biz_atlas_1789776109101_qhkdb,power gym,أندية وجيم وصالات رياضية,011 18521333,29.9728158,31.106291,"https://www.google.com/maps?q=29.9728158,31.106291",نسخة مكررة (نفس Google Place ID) - تم الإبقاء على الأصلية [biz_atlas_1789777364401_mq7iq],biz_atlas_1789777364401_mq7iq
biz_atlas_1789776109008_149g4,صيدلية جاردينيا,عيادات ومراكز طبية وصيدليات,010 10111115,29.9731768,31.1067088,"https://www.google.com/maps?q=29.9731768,31.1067088",نسخة مكررة (نفس Google Place ID) - تم الإبقاء على الأصلية [biz_atlas_1789777364299_h8zxd],biz_atlas_1789777364299_h8zxd
biz_atlas_1789776054097_tona4,Shawerma El Sham- شاورما الشام,مطاعم ومأكولات ومخابز,011 53654666,29.9814012,31.1092622,"https://www.google.com/maps?q=29.9814012,31.1092622",نسخة مكررة (نفس Google Place ID) - تم الإبقاء على الأصلية [biz_atlas_1789777275410_bf3gl],biz_atlas_1789777275410_bf3gl
biz_atlas_1789776053918_wjuh8,معمل الفا,عيادات ومراكز طبية وصيدليات,012 77344081,29.9792933,31.1102712,"https://www.google.com/maps?q=29.9792933,31.1102712",نسخة مكررة (نفس Google Place ID) - تم الإبقاء على الأصلية [biz_atlas_1789777275328_t8kkw],biz_atlas_1789777275328_t8kkw
biz_atlas_1789776053520_5ywhq,صيدلية العزبى,عيادات ومراكز طبية وصيدليات,02 35317347,29.97917,31.11066,"https://www.google.com/maps?q=29.97917,31.11066",نسخة مكررة (نفس Google Place ID) - تم الإبقاء على الأصلية [biz_atlas_1789777275253_2i6kj],biz_atlas_1789777275253_2i6kj
biz_atlas_1789776053340_c4gmz,مطعم عم بشندي,مطاعم ومأكولات ومخابز,012 22242733,29.9782291,31.111284,"https://www.google.com/maps?q=29.9782291,31.111284",نسخة مكررة (نفس Google Place ID) - تم الإبقاء على الأصلية [biz_atlas_1789777275009_zacrr],biz_atlas_1789777275009_zacrr
biz_gplaces_1789531676224_ur12g,مطعم عم بشندي,مطعم / مأكولات ومشويات,012 22242733,29.9782291,31.111284,"https://www.google.com/maps?q=29.9782291,31.111284",نسخة مكررة (نفس Google Place ID) - تم الإبقاء على الأصلية [biz_atlas_1789777275009_zacrr],biz_atlas_1789777275009_zacrr
biz_atlas_1789776053249_yv1yr,التجنيد,نشاط تجاري وخدمي,011 40563353,29.9795734,31.1128554,"https://www.google.com/maps?q=29.9795734,31.1128554",نسخة مكررة (نفس Google Place ID) - تم الإبقاء على الأصلية [biz_atlas_1789777274931_8blzl],biz_atlas_1789777274931_8blzl
biz_atlas_1789776053618_kt5q3,مصراوي,مطاعم ومأكولات ومخابز,02 33800447,29.9814904,31.1091604,"https://www.google.com/maps?q=29.9814904,31.1091604",نسخة مكررة (نفس Google Place ID) - تم الإبقاء على الأصلية [biz_atlas_1789777273355_o1mpm],biz_atlas_1789777273355_o1mpm
biz_atlas_1789776053066_rm7rz,مطعم بهية فرع حدايق الأهرام,مطاعم ومأكولات ومخابز,010 97189696,29.9813516,31.1088623,"https://www.google.com/maps?q=29.9813516,31.1088623",نسخة مكررة (نفس Google Place ID) - تم الإبقاء على الأصلية [biz_atlas_1789777272953_rj5ql],biz_atlas_1789777272953_rj5ql
biz_gplaces_1789531458897_1905r,مطعم بهية فرع حدايق الأهرام,مطعم / مأكولات ومشويات,010 97189696,29.9813516,31.1088623,"https://www.google.com/maps?q=29.9813516,31.1088623",نسخة مكررة (نفس Google Place ID) - تم الإبقاء على الأصلية [biz_atlas_1789777272953_rj5ql],biz_atlas_1789777272953_rj5ql
biz_atlas_1789776052964_mwlhk,البن البرازيلى (بن مشتهى) حدائق الاهرام البوابة الاولى,كافيهات ومقاهي ومشروبات,02 33768768,29.9808906,31.1093253,"https://www.google.com/maps?q=29.9808906,31.1093253",نسخة مكررة (نفس Google Place ID) - تم الإبقاء على الأصلية [biz_atlas_1789777272877_8h4yy],biz_atlas_1789777272877_8h4yy
biz_atlas_1789776054289_x3iey,مركز ايتاب للعيون والليزك,عيادات ومراكز طبية وصيدليات,010 22715000,29.9768426,31.111395,"https://www.google.com/maps?q=29.9768426,31.111395",نسخة مكررة (نفس Google Place ID) - تم الإبقاء على الأصلية [biz_atlas_1789777271103_32vcf],biz_atlas_1789777271103_32vcf
biz_atlas_1789776054193_o0s4h,أحمد بيومي الكنفاني- حدائق الأهرام,سوبرماركت ومحلات تجارة وتجزئة,010 30707077,29.9777111,31.1117509,"https://www.google.com/maps?q=29.9777111,31.1117509",نسخة مكررة (نفس Google Place ID) - تم الإبقاء على الأصلية [biz_atlas_1789777271026_4vyyt],biz_atlas_1789777271026_4vyyt
biz_atlas_1789776053824_vkkh7,Alborg lab - معامل البرج,عيادات ومراكز طبية وصيدليات,011 28312331,29.9778125,31.1116875,"https://www.google.com/maps?q=29.9778125,31.1116875",نسخة مكررة (نفس Google Place ID) - تم الإبقاء على الأصلية [biz_atlas_1789777270867_bzl1r],biz_atlas_1789777270867_bzl1r
biz_atlas_1789777199803_n3rof,مدرسة محمود عمر,مدارس وحضانات ومراكز تعليمية,01000000000,29.9878807,31.1139144,"https://www.google.com/maps?q=29.9878807,31.1139144",نسخة مكررة (نفس Google Place ID) - تم الإبقاء على الأصلية [biz_atlas_1789777233688_46uuc],biz_atlas_1789777233688_46uuc
biz_atlas_1789777156117_s8977,مدرسة محمود عمر,مدارس وحضانات ومراكز تعليمية,01000000000,29.9878807,31.1139144,"https://www.google.com/maps?q=29.9878807,31.1139144",نسخة مكررة (نفس Google Place ID) - تم الإبقاء على الأصلية [biz_atlas_1789777233688_46uuc],biz_atlas_1789777233688_46uuc
biz_atlas_1789776078170_w94q6,مدرسة محمود عمر,مدارس وحضانات ومراكز تعليمية,01000000000,29.9878807,31.1139144,"https://www.google.com/maps?q=29.9878807,31.1139144",نسخة مكررة (نفس Google Place ID) - تم الإبقاء على الأصلية [biz_atlas_1789777233688_46uuc],biz_atlas_1789777233688_46uuc
biz_atlas_1789776055335_5o90w,مدرسة محمود عمر,مدارس وحضانات ومراكز تعليمية,01000000000,29.9878807,31.1139144,"https://www.google.com/maps?q=29.9878807,31.1139144",نسخة مكررة (نفس Google Place ID) - تم الإبقاء على الأصلية [biz_atlas_1789777233688_46uuc],biz_atlas_1789777233688_46uuc
biz_atlas_1789776077456_r55w4,مدرسة هضبة الأهرام الرسمية المتميزة للغات,مدارس وحضانات ومراكز تعليمية,01000000000,29.9870168,31.1067919,"https://www.google.com/maps?q=29.9870168,31.1067919",نسخة مكررة (نفس Google Place ID) - تم الإبقاء على الأصلية [biz_atlas_1789777231838_98e16],biz_atlas_1789777231838_98e16
biz_atlas_1789775935842_vnecq,MIDBANK - ATM,نشاط تجاري وخدمي,02 21295400,29.9802216,31.116111,"https://www.google.com/maps?q=29.9802216,31.116111",نسخة مكررة (نفس Google Place ID) - تم الإبقاء على الأصلية [biz_atlas_1789777231255_q2r62],biz_atlas_1789777231255_q2r62
biz_atlas_1789775934824_aas41,منطقة تجنيد و تعبئة الجيزة,نشاط تجاري وخدمي,02 26331958,29.9801125,31.1147031,"https://www.google.com/maps?q=29.9801125,31.1147031",نسخة مكررة (نفس Google Place ID) - تم الإبقاء على الأصلية [biz_atlas_1789777229818_xg797],biz_atlas_1789777229818_xg797
biz_atlas_1789774832809_q94on,صحتي جيم للسيدات والاطفال,أندية وجيم وصالات رياضية,011 11555907,29.9777665,31.1046091,"https://www.google.com/maps?q=29.9777665,31.1046091",نسخة مكررة (نفس Google Place ID) - تم الإبقاء على الأصلية [biz_atlas_1789777227879_0wzu3],biz_atlas_1789777227879_0wzu3
biz_gplaces_1789206257087_35lts,صحتي جيم للسيدات والاطفال,جيم وصالة لياقة بدنية (Fitness),011 11555907,29.9777665,31.1046091,"https://www.google.com/maps?q=29.9777665,31.1046091",نسخة مكررة (نفس Google Place ID) - تم الإبقاء على الأصلية [biz_atlas_1789777227879_0wzu3],biz_atlas_1789777227879_0wzu3
biz_atlas_1789777156825_k014h,مركز ترميم الآثار المتحف المصري الكبير,خدمات مهنية ومكاتب وعقارات,01000000000,29.9895578,31.1180459,"https://www.google.com/maps?q=29.9895578,31.1180459",نسخة مكررة (نفس Google Place ID) - تم الإبقاء على الأصلية [biz_atlas_1789777201796_gqmus],biz_atlas_1789777201796_gqmus
biz_atlas_1789777116777_i3t8z,مركز ترميم الآثار المتحف المصري الكبير,خدمات مهنية ومكاتب وعقارات,01000000000,29.9895578,31.1180459,"https://www.google.com/maps?q=29.9895578,31.1180459",نسخة مكررة (نفس Google Place ID) - تم الإبقاء على الأصلية [biz_atlas_1789777201796_gqmus],biz_atlas_1789777201796_gqmus
biz_atlas_1789777075505_i6hy4,مركز ترميم الآثار المتحف المصري الكبير,خدمات مهنية ومكاتب وعقارات,01000000000,29.9895578,31.1180459,"https://www.google.com/maps?q=29.9895578,31.1180459",نسخة مكررة (نفس Google Place ID) - تم الإبقاء على الأصلية [biz_atlas_1789777201796_gqmus],biz_atlas_1789777201796_gqmus
biz_atlas_1789777028761_cc8s5,مركز ترميم الآثار المتحف المصري الكبير,خدمات مهنية ومكاتب وعقارات,01000000000,29.9895578,31.1180459,"https://www.google.com/maps?q=29.9895578,31.1180459",نسخة مكررة (نفس Google Place ID) - تم الإبقاء على الأصلية [biz_atlas_1789777201796_gqmus],biz_atlas_1789777201796_gqmus
biz_atlas_1789776056739_bctnn,مركز ترميم الآثار المتحف المصري الكبير,خدمات مهنية ومكاتب وعقارات,01000000000,29.9895578,31.1180459,"https://www.google.com/maps?q=29.9895578,31.1180459",نسخة مكررة (نفس Google Place ID) - تم الإبقاء على الأصلية [biz_atlas_1789777201796_gqmus],biz_atlas_1789777201796_gqmus
biz_atlas_1789775968340_8eus6,مركز ترميم الآثار المتحف المصري الكبير,خدمات مهنية ومكاتب وعقارات,01000000000,29.9895578,31.1180459,"https://www.google.com/maps?q=29.9895578,31.1180459",نسخة مكررة (نفس Google Place ID) - تم الإبقاء على الأصلية [biz_atlas_1789777201796_gqmus],biz_atlas_1789777201796_gqmus
biz_atlas_1789775938675_fdn4s,مركز ترميم الآثار المتحف المصري الكبير,خدمات مهنية ومكاتب وعقارات,01000000000,29.9895578,31.1180459,"https://www.google.com/maps?q=29.9895578,31.1180459",نسخة مكررة (نفس Google Place ID) - تم الإبقاء على الأصلية [biz_atlas_1789777201796_gqmus],biz_atlas_1789777201796_gqmus
biz_atlas_1789777156692_j6dim,Heliopolis,كافيهات ومقاهي ومشروبات,01000000000,29.9877924,31.1193816,"https://www.google.com/maps?q=29.9877924,31.1193816",نسخة مكررة (نفس Google Place ID) - تم الإبقاء على الأصلية [biz_atlas_1789777201682_3nwa9],biz_atlas_1789777201682_3nwa9
biz_atlas_1789777116650_cda8x,Heliopolis,كافيهات ومقاهي ومشروبات,01000000000,29.9877924,31.1193816,"https://www.google.com/maps?q=29.9877924,31.1193816",نسخة مكررة (نفس Google Place ID) - تم الإبقاء على الأصلية [biz_atlas_1789777201682_3nwa9],biz_atlas_1789777201682_3nwa9
biz_atlas_1789777075397_2vj7f,Heliopolis,كافيهات ومقاهي ومشروبات,01000000000,29.9877924,31.1193816,"https://www.google.com/maps?q=29.9877924,31.1193816",نسخة مكررة (نفس Google Place ID) - تم الإبقاء على الأصلية [biz_atlas_1789777201682_3nwa9],biz_atlas_1789777201682_3nwa9
biz_atlas_1789777028580_c93ua,Heliopolis,كافيهات ومقاهي ومشروبات,01000000000,29.9877924,31.1193816,"https://www.google.com/maps?q=29.9877924,31.1193816",نسخة مكررة (نفس Google Place ID) - تم الإبقاء على الأصلية [biz_atlas_1789777201682_3nwa9],biz_atlas_1789777201682_3nwa9
biz_atlas_1789776056621_2ke5a,Heliopolis,كافيهات ومقاهي ومشروبات,01000000000,29.9877924,31.1193816,"https://www.google.com/maps?q=29.9877924,31.1193816",نسخة مكررة (نفس Google Place ID) - تم الإبقاء على الأصلية [biz_atlas_1789777201682_3nwa9],biz_atlas_1789777201682_3nwa9
biz_atlas_1789775968247_ppfy7,Heliopolis,كافيهات ومقاهي ومشروبات,01000000000,29.9877924,31.1193816,"https://www.google.com/maps?q=29.9877924,31.1193816",نسخة مكررة (نفس Google Place ID) - تم الإبقاء على الأصلية [biz_atlas_1789777201682_3nwa9],biz_atlas_1789777201682_3nwa9
biz_atlas_1789775938461_inzoc,Heliopolis,كافيهات ومقاهي ومشروبات,01000000000,29.9877924,31.1193816,"https://www.google.com/maps?q=29.9877924,31.1193816",نسخة مكررة (نفس Google Place ID) - تم الإبقاء على الأصلية [biz_atlas_1789777201682_3nwa9],biz_atlas_1789777201682_3nwa9
biz_atlas_1789770812972_gb6qm,Heliopolis,كافيه,01000000000,29.9877924,31.1193816,"https://www.google.com/maps?q=29.9877924,31.1193816",نسخة مكررة (نفس Google Place ID) - تم الإبقاء على الأصلية [biz_atlas_1789777201682_3nwa9],biz_atlas_1789777201682_3nwa9
biz_atlas_1789777156551_u2cr1,عيادات مدينه القوات المسلحه بالرمايه,عيادات ومراكز طبية وصيدليات,01000000000,29.9887643,31.1166596,"https://www.google.com/maps?q=29.9887643,31.1166596",نسخة مكررة (نفس Google Place ID) - تم الإبقاء على الأصلية [biz_atlas_1789777201568_7zq4w],biz_atlas_1789777201568_7zq4w
biz_atlas_1789777116521_16o1d,عيادات مدينه القوات المسلحه بالرمايه,عيادات ومراكز طبية وصيدليات,01000000000,29.9887643,31.1166596,"https://www.google.com/maps?q=29.9887643,31.1166596",نسخة مكررة (نفس Google Place ID) - تم الإبقاء على الأصلية [biz_atlas_1789777201568_7zq4w],biz_atlas_1789777201568_7zq4w
biz_atlas_1789777075267_chuc3,عيادات مدينه القوات المسلحه بالرمايه,عيادات ومراكز طبية وصيدليات,01000000000,29.9887643,31.1166596,"https://www.google.com/maps?q=29.9887643,31.1166596",نسخة مكررة (نفس Google Place ID) - تم الإبقاء على الأصلية [biz_atlas_1789777201568_7zq4w],biz_atlas_1789777201568_7zq4w
biz_atlas_1789777028414_x5175,عيادات مدينه القوات المسلحه بالرمايه,عيادات ومراكز طبية وصيدليات,01000000000,29.9887643,31.1166596,"https://www.google.com/maps?q=29.9887643,31.1166596",نسخة مكررة (نفس Google Place ID) - تم الإبقاء على الأصلية [biz_atlas_1789777201568_7zq4w],biz_atlas_1789777201568_7zq4w
biz_atlas_1789776056410_j9k8z,عيادات مدينه القوات المسلحه بالرمايه,عيادات ومراكز طبية وصيدليات,01000000000,29.9887643,31.1166596,"https://www.google.com/maps?q=29.9887643,31.1166596",نسخة مكررة (نفس Google Place ID) - تم الإبقاء على الأصلية [biz_atlas_1789777201568_7zq4w],biz_atlas_1789777201568_7zq4w
biz_atlas_1789775968156_t60qs,عيادات مدينه القوات المسلحه بالرمايه,عيادات ومراكز طبية وصيدليات,01000000000,29.9887643,31.1166596,"https://www.google.com/maps?q=29.9887643,31.1166596",نسخة مكررة (نفس Google Place ID) - تم الإبقاء على الأصلية [biz_atlas_1789777201568_7zq4w],biz_atlas_1789777201568_7zq4w
biz_atlas_1789775938247_ghqeu,عيادات مدينه القوات المسلحه بالرمايه,عيادات ومراكز طبية وصيدليات,01000000000,29.9887643,31.1166596,"https://www.google.com/maps?q=29.9887643,31.1166596",نسخة مكررة (نفس Google Place ID) - تم الإبقاء على الأصلية [biz_atlas_1789777201568_7zq4w],biz_atlas_1789777201568_7zq4w
biz_gplaces_1789531825043_hse42,عالم المفاتيح عصمت فرع الرمايه,نشاط تجاري / خدمي آخر,011 21020204,29.9871878,31.1128977,"https://www.google.com/maps?q=29.9871878,31.1128977",نسخة مكررة (نفس Google Place ID) - تم الإبقاء على الأصلية [biz_atlas_1789777200657_cq0b0],biz_atlas_1789777200657_cq0b0
biz_atlas_1789777156423_1nbic,مدرسة الاهرام للتعليم الاساسي,مدارس وحضانات ومراكز تعليمية,01000000000,29.9884807,31.113005,"https://www.google.com/maps?q=29.9884807,31.113005",نسخة مكررة (نفس Google Place ID) - تم الإبقاء على الأصلية [biz_atlas_1789777200027_28zk8],biz_atlas_1789777200027_28zk8
biz_atlas_1789776055734_ggvx9,مدرسة الاهرام للتعليم الاساسي,مدارس وحضانات ومراكز تعليمية,01000000000,29.9884807,31.113005,"https://www.google.com/maps?q=29.9884807,31.113005",نسخة مكررة (نفس Google Place ID) - تم الإبقاء على الأصلية [biz_atlas_1789777200027_28zk8],biz_atlas_1789777200027_28zk8
biz_atlas_1789777156265_9zswi,Sun Mall,نشاط تجاري وخدمي,01000000000,29.9888314,31.1156667,"https://www.google.com/maps?q=29.9888314,31.1156667",نسخة مكررة (نفس Google Place ID) - تم الإبقاء على الأصلية [biz_atlas_1789777199900_e4sys],biz_atlas_1789777199900_e4sys
biz_atlas_1789777116374_iegzz,Sun Mall,نشاط تجاري وخدمي,01000000000,29.9888314,31.1156667,"https://www.google.com/maps?q=29.9888314,31.1156667",نسخة مكررة (نفس Google Place ID) - تم الإبقاء على الأصلية [biz_atlas_1789777199900_e4sys],biz_atlas_1789777199900_e4sys
biz_atlas_1789777075142_qvlui,Sun Mall,نشاط تجاري وخدمي,01000000000,29.9888314,31.1156667,"https://www.google.com/maps?q=29.9888314,31.1156667",نسخة مكررة (نفس Google Place ID) - تم الإبقاء على الأصلية [biz_atlas_1789777199900_e4sys],biz_atlas_1789777199900_e4sys
biz_atlas_1789777028240_jm98u,Sun Mall,نشاط تجاري وخدمي,01000000000,29.9888314,31.1156667,"https://www.google.com/maps?q=29.9888314,31.1156667",نسخة مكررة (نفس Google Place ID) - تم الإبقاء على الأصلية [biz_atlas_1789777199900_e4sys],biz_atlas_1789777199900_e4sys
biz_atlas_1789776055424_kqrog,Sun Mall,نشاط تجاري وخدمي,01000000000,29.9888314,31.1156667,"https://www.google.com/maps?q=29.9888314,31.1156667",نسخة مكررة (نفس Google Place ID) - تم الإبقاء على الأصلية [biz_atlas_1789777199900_e4sys],biz_atlas_1789777199900_e4sys
biz_atlas_1789775968051_iuy1u,Sun Mall,نشاط تجاري وخدمي,01000000000,29.9888314,31.1156667,"https://www.google.com/maps?q=29.9888314,31.1156667",نسخة مكررة (نفس Google Place ID) - تم الإبقاء على الأصلية [biz_atlas_1789777199900_e4sys],biz_atlas_1789777199900_e4sys
biz_atlas_1789775937742_bn3fw,Sun Mall,نشاط تجاري وخدمي,01000000000,29.9888314,31.1156667,"https://www.google.com/maps?q=29.9888314,31.1156667",نسخة مكررة (نفس Google Place ID) - تم الإبقاء على الأصلية [biz_atlas_1789777199900_e4sys],biz_atlas_1789777199900_e4sys
biz_atlas_1789777154998_lvcpb,Best Sunrise view,نشاط تجاري وخدمي,01000000000,29.9819842,31.1199864,"https://www.google.com/maps?q=29.9819842,31.1199864",نسخة مكررة (نفس Google Place ID) - تم الإبقاء على الأصلية [biz_atlas_1789777199532_p2k5o],biz_atlas_1789777199532_p2k5o
biz_atlas_1789777114072_hexg4,Best Sunrise view,نشاط تجاري وخدمي,01000000000,29.9819842,31.1199864,"https://www.google.com/maps?q=29.9819842,31.1199864",نسخة مكررة (نفس Google Place ID) - تم الإبقاء على الأصلية [biz_atlas_1789777199532_p2k5o],biz_atlas_1789777199532_p2k5o
biz_atlas_1789777072860_414x6,Best Sunrise view,نشاط تجاري وخدمي,01000000000,29.9819842,31.1199864,"https://www.google.com/maps?q=29.9819842,31.1199864",نسخة مكررة (نفس Google Place ID) - تم الإبقاء على الأصلية [biz_atlas_1789777199532_p2k5o],biz_atlas_1789777199532_p2k5o
biz_atlas_1789777024944_y7mhz,Best Sunrise view,نشاط تجاري وخدمي,01000000000,29.9819842,31.1199864,"https://www.google.com/maps?q=29.9819842,31.1199864",نسخة مكررة (نفس Google Place ID) - تم الإبقاء على الأصلية [biz_atlas_1789777199532_p2k5o],biz_atlas_1789777199532_p2k5o
biz_gplaces_1789206197798_xmhcv,Kebab & Latte,كافيه / مقهى وكوفي شوب,010 70806055,29.9788179,31.1110814,"https://www.google.com/maps?q=29.9788179,31.1110814",نسخة مكررة (نفس Google Place ID) - تم الإبقاء على الأصلية [biz_atlas_1789777197275_q5our],biz_atlas_1789777197275_q5our
biz_gplaces_1789532204638_7qnpe,لحوم ابو عفصه,جزارة / لحوم ودواجن وأسماك,011 58090320,29.9785121,31.1095915,"https://www.google.com/maps?q=29.9785121,31.1095915",نسخة مكررة (نفس Google Place ID) - تم الإبقاء على الأصلية [biz_atlas_1789777196533_aciek],biz_atlas_1789777196533_aciek
biz_gplaces_1789532203282_svmnt,هايبر خوفو,سوبر ماركت / هايبر وبقالة,010 24933420,29.9794282,31.1102074,"https://www.google.com/maps?q=29.9794282,31.1102074",نسخة مكررة (نفس Google Place ID) - تم الإبقاء على الأصلية [biz_atlas_1789777196082_bx8a7],biz_atlas_1789777196082_bx8a7
biz_atlas_1789777115124_a2wqm,قبر الطيور,نشاط تجاري وخدمي,01000000000,29.979166,31.1252737,"https://www.google.com/maps?q=29.979166,31.1252737",نسخة مكررة (نفس Google Place ID) - تم الإبقاء على الأصلية [biz_atlas_1789777154378_k87oi],biz_atlas_1789777154378_k87oi
biz_atlas_1789777073991_0qnsm,قبر الطيور,نشاط تجاري وخدمي,01000000000,29.979166,31.1252737,"https://www.google.com/maps?q=29.979166,31.1252737",نسخة مكررة (نفس Google Place ID) - تم الإبقاء على الأصلية [biz_atlas_1789777154378_k87oi],biz_atlas_1789777154378_k87oi
biz_atlas_1789777026700_4q6ow,قبر الطيور,نشاط تجاري وخدمي,01000000000,29.979166,31.1252737,"https://www.google.com/maps?q=29.979166,31.1252737",نسخة مكررة (نفس Google Place ID) - تم الإبقاء على الأصلية [biz_atlas_1789777154378_k87oi],biz_atlas_1789777154378_k87oi
biz_atlas_1789775967229_g53i5,قبر الطيور,نشاط تجاري وخدمي,01000000000,29.979166,31.1252737,"https://www.google.com/maps?q=29.979166,31.1252737",نسخة مكررة (نفس Google Place ID) - تم الإبقاء على الأصلية [biz_atlas_1789777154378_k87oi],biz_atlas_1789777154378_k87oi
biz_atlas_1789775936211_qhf8m,قبر الطيور,نشاط تجاري وخدمي,01000000000,29.979166,31.1252737,"https://www.google.com/maps?q=29.979166,31.1252737",نسخة مكررة (نفس Google Place ID) - تم الإبقاء على الأصلية [biz_atlas_1789777154378_k87oi],biz_atlas_1789777154378_k87oi
biz_atlas_1789777078104_zdhtd,AC METRO YARD,نشاط تجاري وخدمي,01000000000,29.9904351,31.1266738,"https://www.google.com/maps?q=29.9904351,31.1266738",نسخة مكررة (نفس Google Place ID) - تم الإبقاء على الأصلية [biz_atlas_1789777119450_agi17],biz_atlas_1789777119450_agi17
biz_atlas_1789777033408_8y4rz,AC METRO YARD,نشاط تجاري وخدمي,01000000000,29.9904351,31.1266738,"https://www.google.com/maps?q=29.9904351,31.1266738",نسخة مكررة (نفس Google Place ID) - تم الإبقاء على الأصلية [biz_atlas_1789777119450_agi17],biz_atlas_1789777119450_agi17
biz_atlas_1789777077960_1ccuz,الممشي السياحي لربط المتحف الكبير بالأهرامات,نشاط تجاري وخدمي,01000000000,29.9903967,31.1265384,"https://www.google.com/maps?q=29.9903967,31.1265384",نسخة مكررة (نفس Google Place ID) - تم الإبقاء على الأصلية [biz_atlas_1789777119315_u0r2z],biz_atlas_1789777119315_u0r2z
biz_atlas_1789777033243_8v55i,الممشي السياحي لربط المتحف الكبير بالأهرامات,نشاط تجاري وخدمي,01000000000,29.9903967,31.1265384,"https://www.google.com/maps?q=29.9903967,31.1265384",نسخة مكررة (نفس Google Place ID) - تم الإبقاء على الأصلية [biz_atlas_1789777119315_u0r2z],biz_atlas_1789777119315_u0r2z
biz_atlas_1789777077060_iq0fc,مركز خوفو للمؤتمرات,نشاط تجاري وخدمي,01000000000,29.9904367,31.1294986,"https://www.google.com/maps?q=29.9904367,31.1294986",نسخة مكررة (نفس Google Place ID) - تم الإبقاء على الأصلية [biz_atlas_1789777118491_fsu2n],biz_atlas_1789777118491_fsu2n
biz_atlas_1789777031996_urmty,مركز خوفو للمؤتمرات,نشاط تجاري وخدمي,01000000000,29.9904367,31.1294986,"https://www.google.com/maps?q=29.9904367,31.1294986",نسخة مكررة (نفس Google Place ID) - تم الإبقاء على الأصلية [biz_atlas_1789777118491_fsu2n],biz_atlas_1789777118491_fsu2n
biz_atlas_1789775968704_zvklt,مركز خوفو للمؤتمرات,نشاط تجاري وخدمي,01000000000,29.9904367,31.1294986,"https://www.google.com/maps?q=29.9904367,31.1294986",نسخة مكررة (نفس Google Place ID) - تم الإبقاء على الأصلية [biz_atlas_1789777118491_fsu2n],biz_atlas_1789777118491_fsu2n
biz_atlas_1789775939834_icvx3,مركز خوفو للمؤتمرات,نشاط تجاري وخدمي,01000000000,29.9904367,31.1294986,"https://www.google.com/maps?q=29.9904367,31.1294986",نسخة مكررة (نفس Google Place ID) - تم الإبقاء على الأصلية [biz_atlas_1789777118491_fsu2n],biz_atlas_1789777118491_fsu2n
biz_atlas_1789777076833_97a87,محطة مترو الرماية,نشاط تجاري وخدمي,01000000000,29.9892707,31.128883,"https://www.google.com/maps?q=29.9892707,31.128883",نسخة مكررة (نفس Google Place ID) - تم الإبقاء على الأصلية [biz_atlas_1789777118284_e371a],biz_atlas_1789777118284_e371a
biz_atlas_1789777031620_i2x0o,محطة مترو الرماية,نشاط تجاري وخدمي,01000000000,29.9892707,31.128883,"https://www.google.com/maps?q=29.9892707,31.128883",نسخة مكررة (نفس Google Place ID) - تم الإبقاء على الأصلية [biz_atlas_1789777118284_e371a],biz_atlas_1789777118284_e371a
biz_atlas_1789775968525_7lgse,محطة مترو الرماية,نشاط تجاري وخدمي,01000000000,29.9892707,31.128883,"https://www.google.com/maps?q=29.9892707,31.128883",نسخة مكررة (نفس Google Place ID) - تم الإبقاء على الأصلية [biz_atlas_1789777118284_e371a],biz_atlas_1789777118284_e371a
biz_atlas_1789775939320_8r8vm,محطة مترو الرماية,نشاط تجاري وخدمي,01000000000,29.9892707,31.128883,"https://www.google.com/maps?q=29.9892707,31.128883",نسخة مكررة (نفس Google Place ID) - تم الإبقاء على الأصلية [biz_atlas_1789777118284_e371a],biz_atlas_1789777118284_e371a
biz_atlas_1789777076481_v3vv8,روقان بيت الحنه,صالونات ومراكز تجميل وعناية,01000000000,29.9891757,31.1177953,"https://www.google.com/maps?q=29.9891757,31.1177953",نسخة مكررة (نفس Google Place ID) - تم الإبقاء على الأصلية [biz_atlas_1789777117900_m2i0q],biz_atlas_1789777117900_m2i0q
biz_atlas_1789777031109_gockn,روقان بيت الحنه,صالونات ومراكز تجميل وعناية,01000000000,29.9891757,31.1177953,"https://www.google.com/maps?q=29.9891757,31.1177953",نسخة مكررة (نفس Google Place ID) - تم الإبقاء على الأصلية [biz_atlas_1789777117900_m2i0q],biz_atlas_1789777117900_m2i0q
biz_atlas_1789777074119_9r1ye,Tomb of Neferbauptah,نشاط تجاري وخدمي,01000000000,29.978469,31.129387,"https://www.google.com/maps?q=29.978469,31.129387",نسخة مكررة (نفس Google Place ID) - تم الإبقاء على الأصلية [biz_atlas_1789777115271_je5jl],biz_atlas_1789777115271_je5jl
biz_atlas_1789777026871_179df,Tomb of Neferbauptah,نشاط تجاري وخدمي,01000000000,29.978469,31.129387,"https://www.google.com/maps?q=29.978469,31.129387",نسخة مكررة (نفس Google Place ID) - تم الإبقاء على الأصلية [biz_atlas_1789777115271_je5jl],biz_atlas_1789777115271_je5jl
biz_atlas_1789775967326_syzrs,Tomb of Neferbauptah,نشاط تجاري وخدمي,01000000000,29.978469,31.129387,"https://www.google.com/maps?q=29.978469,31.129387",نسخة مكررة (نفس Google Place ID) - تم الإبقاء على الأصلية [biz_atlas_1789777115271_je5jl],biz_atlas_1789777115271_je5jl
biz_atlas_1789775936440_lqku8,Tomb of Neferbauptah,نشاط تجاري وخدمي,01000000000,29.978469,31.129387,"https://www.google.com/maps?q=29.978469,31.129387",نسخة مكررة (نفس Google Place ID) - تم الإبقاء على الأصلية [biz_atlas_1789777115271_je5jl],biz_atlas_1789777115271_je5jl
biz_atlas_1789777073851_0tpeg,مصطبة هميونو,نشاط تجاري وخدمي,01000000000,29.97938,31.1299539,"https://www.google.com/maps?q=29.97938,31.1299539",نسخة مكررة (نفس Google Place ID) - تم الإبقاء على الأصلية [biz_atlas_1789777114974_41d2p],biz_atlas_1789777114974_41d2p
biz_atlas_1789777026533_4kaus,مصطبة هميونو,نشاط تجاري وخدمي,01000000000,29.97938,31.1299539,"https://www.google.com/maps?q=29.97938,31.1299539",نسخة مكررة (نفس Google Place ID) - تم الإبقاء على الأصلية [biz_atlas_1789777114974_41d2p],biz_atlas_1789777114974_41d2p
biz_atlas_1789775967145_ws43d,مصطبة هميونو,نشاط تجاري وخدمي,01000000000,29.97938,31.1299539,"https://www.google.com/maps?q=29.97938,31.1299539",نسخة مكررة (نفس Google Place ID) - تم الإبقاء على الأصلية [biz_atlas_1789777114974_41d2p],biz_atlas_1789777114974_41d2p
biz_atlas_1789775936091_uue7d,مصطبة هميونو,نشاط تجاري وخدمي,01000000000,29.97938,31.1299539,"https://www.google.com/maps?q=29.97938,31.1299539",نسخة مكررة (نفس Google Place ID) - تم الإبقاء على الأصلية [biz_atlas_1789777114974_41d2p],biz_atlas_1789777114974_41d2p
biz_gplaces_1789532413196_omnwz,Oscar Car Accessories,قطع غيار سيارات وزيوت وشحوم,010 65553511,29.9493709,31.0915413,"https://www.google.com/maps?q=29.9493709,31.0915413",نسخة مكررة (نفس Google Place ID) - تم الإبقاء على الأصلية [biz_gplaces_1789533924155_x80b0],biz_gplaces_1789533924155_x80b0
biz_gplaces_1789532413599_ile4b,W.C CAR,مغسلة سيارات وديتيلينج وتلميع,011 27946388,29.9650459,31.1005155,"https://www.google.com/maps?q=29.9650459,31.1005155",نسخة مكررة (نفس Google Place ID) - تم الإبقاء على الأصلية [biz_gplaces_1789533923951_c8nsz],biz_gplaces_1789533923951_c8nsz
biz_gplaces_1789532414089_zog2r,FOX CAR فوكس كار,معرض سيارات / بيع وشراء,010 66406630,29.9498894,31.093487,"https://www.google.com/maps?q=29.9498894,31.093487",نسخة مكررة (نفس Google Place ID) - تم الإبقاء على الأصلية [biz_gplaces_1789533923757_0xaa6],biz_gplaces_1789533923757_0xaa6
biz_gplaces_1789532413903_reut4,Car Market Accessories - حدائق الأهرام,قطع غيار سيارات وزيوت وشحوم,010 33990119,29.9777284,31.0962816,"https://www.google.com/maps?q=29.9777284,31.0962816",نسخة مكررة (نفس Google Place ID) - تم الإبقاء على الأصلية [biz_gplaces_1789533923362_palf3],biz_gplaces_1789533923362_palf3
biz_gplaces_1789532413457_wiu3w,اوتو وان كار كير سنتر- auto1one car care center,مغسلة سيارات وديتيلينج وتلميع,011 41720570,29.978464,31.098656,"https://www.google.com/maps?q=29.978464,31.098656",نسخة مكررة (نفس Google Place ID) - تم الإبقاء على الأصلية [biz_gplaces_1789533923203_3my7y],biz_gplaces_1789533923203_3my7y
biz_gplaces_1789531730873_7rv1i,بلبن,مخبز / حلواني ومعجنات,012 66458556,29.9535509,31.0845887,"https://www.google.com/maps?q=29.9535509,31.0845887",نسخة مكررة (نفس Google Place ID) - تم الإبقاء على الأصلية [biz_gplaces_1789532383501_ch111],biz_gplaces_1789532383501_ch111
biz_gplaces_1789531840400_kccgv,Mobde3on Academy & Nursery,عيادة أطفال ورعاية حديثي الولادة,010 69521065,29.967901,31.0927734,"https://www.google.com/maps?q=29.967901,31.0927734",نسخة مكررة (نفس Google Place ID) - تم الإبقاء على الأصلية [biz_gplaces_1789532271703_t44w9],biz_gplaces_1789532271703_t44w9
lead_1788840479610,مطعم خوفو‭,مطعم / مأكولات ومشويات,01080058888,29.977722,31.110896,"https://www.google.com/maps?q=29.977722,31.110896",نسخة مكررة (تطابق جغرافي واسمي كامل) - تم الإبقاء على الأصلية [biz_1788916371537],biz_1788916371537
lead_1788889556479,دكان البنا,سوبر ماركت / هايبر وبقالة,01550155150,30.0444,31.2357,"https://www.google.com/maps?q=30.0444,31.2357",نسخة مكررة (تطابق جغرافي واسمي كامل) - تم الإبقاء على الأصلية [biz_1788914522960],biz_1788914522960
lead_1788921538514,إسلام الميكانيكي عفشه وكهرباء وتغير زيت,مركز صيانة سيارات وميكانيكا,01021407365,30.036521,31.209825,"https://www.google.com/maps?q=30.036521,31.209825",نسخة مكررة (تطابق جغرافي واسمي كامل) - تم الإبقاء على الأصلية [biz_1789639881001_yvbqb],biz_1789639881001_yvbqb
lead_1788921438739,مطاعم أسماك وادي النيل,مطعم / مأكولات ومشويات,0238500512,30.058753,31.206318,"https://www.google.com/maps?q=30.058753,31.206318",نسخة مكررة (تطابق جغرافي واسمي كامل) - تم الإبقاء على الأصلية [biz_1789054099678_ju4pz],biz_1789054099678_ju4pz
lead_1788921611017,TOWN TEAM,متجر ملابس,01275322218,29.99406,31.18536,"https://www.google.com/maps?q=29.99406,31.18536",نسخة مكررة (تطابق جغرافي واسمي كامل) - تم الإبقاء على الأصلية [biz_1789044484859_jveaz],biz_1789044484859_jveaz
lead_1788921739602,KHOTWH - OCTOBER BRANCH,متجر ملابس,01069798061,29.985409,30.984541,"https://www.google.com/maps?q=29.985409,30.984541",نسخة مكررة (تطابق جغرافي واسمي كامل) - تم الإبقاء على الأصلية [biz_1789044471220_blync],biz_1789044471220_blync
lead_1788720956582,صيدلية الجابري,صيدلية وخدمات دوائية,01289377799,29.955891,31.097379,"https://www.google.com/maps?q=29.955891,31.097379",نسخة مكررة (تطابق جغرافي واسمي كامل) - تم الإبقاء على الأصلية [biz_1788939631199],biz_1788939631199
lead_1788921761162,Ben Soliman,متجر ملابس,0236121231,29.971922,31.044688,"https://www.google.com/maps?q=29.971922,31.044688",نسخة مكررة (تطابق جغرافي واسمي كامل) - تم الإبقاء على الأصلية [biz_1788935128320_suh9l],biz_1788935128320_suh9l
lead_1788921565939,ردياتير محسن الزقازيقى لهندسة الردياتير والتكييف والإنتركوللر والأفتركوللر‭,مركز صيانة سيارات وميكانيكا,01022563563,30.016106,31.307331,"https://www.google.com/maps?q=30.016106,31.307331",نسخة مكررة (تطابق جغرافي واسمي كامل) - تم الإبقاء على الأصلية [biz_1788922054146],biz_1788922054146
lead_1788920872281,مطعم كرم الشام السوري‭,مطعم / مأكولات ومشويات,01044859031,30.006777,31.183333,"https://www.google.com/maps?q=30.006777,31.183333",نسخة مكررة (تطابق جغرافي واسمي كامل) - تم الإبقاء على الأصلية [biz_1788920956054],biz_1788920956054
lead_1788919552039,مشهور‭,مطعم / مأكولات ومشويات,0217555,29.984118,30.998086,"https://www.google.com/maps?q=29.984118,30.998086",نسخة مكررة (تطابق جغرافي واسمي كامل) - تم الإبقاء على الأصلية [biz_1788920616505],biz_1788920616505
lead_1788919728373,كشري جحا جمال عبد الناصر‭,مطعم / مأكولات ومشويات,01116600555,29.967181,30.931802,"https://www.google.com/maps?q=29.967181,30.931802",نسخة مكررة (تطابق جغرافي واسمي كامل) - تم الإبقاء على الأصلية [biz_1788920519195],biz_1788920519195
lead_1788919748438,مطعم حضر موت و البخاري‭,مطعم / مأكولات ومشويات,01222241998,29.983803,30.936829,"https://www.google.com/maps?q=29.983803,30.936829",نسخة مكررة (تطابق جغرافي واسمي كامل) - تم الإبقاء على الأصلية [biz_1788920474671],biz_1788920474671
lead_1788919689720,روستو اكتوبر التانى‭,مطعم / مأكولات ومشويات,01200001100,29.969502,30.944382,"https://www.google.com/maps?q=29.969502,30.944382",نسخة مكررة (تطابق جغرافي واسمي كامل) - تم الإبقاء على الأصلية [biz_1788920458201],biz_1788920458201
lead_1788919583451,سلامة المتميز‭,مطعم / مأكولات ومشويات,01144671112,29.986151,30.990533,"https://www.google.com/maps?q=29.986151,30.990533",نسخة مكررة (تطابق جغرافي واسمي كامل) - تم الإبقاء على الأصلية [biz_1788920414490],biz_1788920414490
lead_1788842498404,مطعم دار اليمن‭,مطعم / مأكولات ومشويات,01117518890,30.007183,31.184704,"https://www.google.com/maps?q=30.007183,31.184704",نسخة مكررة (تطابق جغرافي واسمي كامل) - تم الإبقاء على الأصلية [biz_1788916022840],biz_1788916022840
lead_1788914976144,سوبرماركت سعودي - فرع دريم لاند‭,سوبر ماركت / هايبر وبقالة,0238553273,29.958786,31.059574,"https://www.google.com/maps?q=29.958786,31.059574",نسخة مكررة (تطابق جغرافي واسمي كامل) - تم الإبقاء على الأصلية [biz_1788915001950],biz_1788915001950
lead_1788842541280,الأبيض أوتوموتيف‭,مطعم / مأكولات ومشويات,01210642222,30.013417,31.205545,"https://www.google.com/maps?q=30.013417,31.205545",نسخة مكررة (تطابق جغرافي واسمي كامل) - تم الإبقاء على الأصلية [biz_1788913173693],biz_1788913173693
lead_1788899464222,حضرموت,خدمات وأنشطة عامة,0233024144,30.0444,31.2357,"https://www.google.com/maps?q=30.0444,31.2357",نسخة مكررة (تطابق جغرافي واسمي كامل) - تم الإبقاء على الأصلية [biz_1788913038599],biz_1788913038599
lead_1788838945253,اباتشي للعطور حدائق الاهرام Apache Perfumes‭,عملاء مهتمون,01100196009,29.971812,31.096176,"https://www.google.com/maps?q=29.971812,31.096176",نسخة مكررة (تطابق جغرافي واسمي كامل) - تم الإبقاء على الأصلية [lead_1788840066980],lead_1788840066980
lead_1788557478601,Home stock,عملاء مهتمون,01061624860,29.9753,31.112,"https://www.google.com/maps?q=29.9753,31.112",نسخة مكررة (تطابق جغرافي واسمي كامل) - تم الإبقاء على الأصلية [biz_1788560419735],biz_1788560419735
